,Course Code,Average Grade
0,AE 152,7.58994708994709
1,AE 153,7.615384615384615
2,AE 219,9.16
3,AE 223,7.01186943620178
4,AE 225,6.546153846153846
5,AE 227,6.5905044510385755
6,AE 308,7.11214953271028
7,AE 326,7.0474683544303796
8,AE 330,7.03125
9,AE 333,6.783870967741936
10,AE 407,6.4072847682119205
11,AE 410,6.8283828382838285
12,AE 419,9.7
13,AE 484,7.6063829787234045
14,AE 493,9.863636363636365
15,AE 616,8.098039215686274
16,AE 641,7.566037735849057
17,AE 651,6.613545816733068
18,AE 673,7.215909090909091
19,AE 682,7.45
20,AE 694,9.172413793103448
21,AE 695,7.611111111111111
22,AE 705,8.389078498293514
23,AE 707,7.71830985915493
24,AE 708,7.411111111111111
25,AE 709,5.701754385964913
26,AE 711,7.0
27,AE 715,6.5344827586206895
28,AE 720,7.5
29,AE 726,7.352112676056338
30,AE 775,7.887096774193548
31,AE 780,7.283018867924528
32,AE 305,7.612307692307692
33,AE 312,8.37
34,AE 650,9.5
35,AE 656,6.153846153846154
36,AES802,9.5
37,BB 421,8.581395348837209
38,BB 553,8.850931677018634
39,BB 603,8.581749049429657
40,BB 619,8.447619047619048
41,BB 627,7.8125
42,BB 633,7.5225225225225225
43,BB 663,8.264150943396226
44,BB 665,8.418367346938776
45,BB 673,7.602941176470588
46,BB 679,8.27450980392157
47,BB 701,9.337662337662337
48,BBS801,9.163934426229508
49,BB 412,8.794642857142858
50,BB 503,8.706896551724139
51,BB 694,9.137254901960784
52,CE 223,7.450346420323326
53,CE 231,7.654676258992806
54,CE 233,8.559566787003611
55,CE 324,6.786848072562358
56,CE 329,8.131578947368421
57,CE 403,7.038461538461538
58,CE 463,7.026666666666666
59,CE 482,6.794797687861272
60,CE 484,6.99601593625498
61,CE 494,9.487804878048781
62,CE 603,7.531746031746032
63,CE 605,7.660079051383399
64,CE 611,7.333333333333333
65,CE 616,7.247863247863248
66,CE 623,8.050420168067227
67,CE 626,8.794117647058824
68,CE 627,8.383177570093459
69,CE 630,7.583333333333333
70,CE 641,8.666666666666666
71,CE 643,8.11111111111111
72,CE 653,8.065217391304348
73,CE 675,8.98076923076923
74,CE 680,8.3125
75,CE 681,8.790322580645162
76,CE 701,6.954545454545454
77,CE 703,8.11111111111111
78,CE 705,7.818181818181818
79,CE 712,8.011363636363637
80,CE 713,6.835051546391752
81,CE 717,7.632911392405063
82,CE 720,6.45
83,CE 727,6.946666666666666
84,CE 729,7.181818181818182
85,CE 731,7.583333333333333
86,CE 740,7.168478260869565
87,CE 742,8.011494252873563
88,CE 751,8.092307692307692
89,CE 764,7.790697674418604
90,CE 766,7.7272727272727275
91,CE 768,8.209302325581396
92,CE 769,8.307692307692308
93,CE 771,7.738636363636363
94,CE 781,7.524590163934426
95,CE 782,7.426470588235294
96,CES801,9.410596026490067
97,CH 105,7.052821128451381
98,CH 107,7.434204275534442
99,CH 223,6.771739130434782
100,CH 225,7.271186440677966
101,CH 227,5.6
102,CH 229,7.25531914893617
103,CH 397,9.285714285714286
104,CH 401,6.865671641791045
105,CH 403,7.3791208791208796
106,CH 405,6.945244956772334
107,CH 425,7.629518072289157
108,CH 507,8.339805825242719
109,CH 521,8.007575757575758
110,CH 546,7.87719298245614
111,CH 547,8.37007874015748
112,CH 584,8.40625
113,CH 591,9.28125
114,CH 593,9.313432835820896
115,CH 595,9.5
116,CH 827,8.788461538461538
117,CHS801,9.052631578947368
118,CH 398,10.0
119,CH 404,7.889570552147239
120,CH 406,7.598765432098766
121,CH 410,8.399317406143345
122,CH 588,8.412280701754385
123,CH 801,8.96774193548387
124,CL 203,5.796636085626911
125,CL 244,5.855731225296442
126,CL 249,6.546583850931677
127,CL 255,6.396551724137931
128,CL 336,7.042253521126761
129,CL 405,6.617753623188406
130,CL 409,6.7933723196881095
131,CL 419,7.075925925925926
132,CL 443,9.227722772277227
133,CL 444,7.490990990990991
134,CL 455,7.5476190476190474
135,CL 491,9.285714285714286
136,CL 601,6.605351170568562
137,CL 602,6.117857142857143
138,CL 605,6.629090909090909
139,CL 665,6.922480620155039
140,CL 684,7.5
141,CL 701,6.3321799307958475
142,CLS801,9.666666666666666
143,CL 246,7.4630872483221475
144,CL 673,8.431818181818182
145,CL 706,7.266666666666667
146,CL 708,7.01010101010101
147,CM 803,7.910112359550562
148,CMS801,8.526315789473685
149,CS 101,7.027405362776025
150,CS 207,6.864550264550265
151,CS 213,6.679230152365678
152,CS 215,7.253077975376197
153,CS 218,7.68792934249264
154,CS 224,6.919902912621359
155,CS 228,7.049079754601227
156,CS 251,8.461977186311787
157,CS 293,7.882993197278911
158,CS 305,8.642066420664207
159,CS 333,7.7477611940298505
160,CS 335,8.269345238095237
161,CS 337,7.943939393939394
162,CS 341,9.488805970149254
163,CS 347,6.86697247706422
164,CS 396,9.705882352941176
165,CS 433,8.514285714285714
166,CS 475,6.755905511811024
167,CS 485,9.530973451327434
168,CS 490,9.127596439169139
169,CS 492,9.324561403508772
170,CS 601,7.711180124223603
171,CS 604,7.975609756097561
172,CS 618,7.6722689075630255
173,CS 626,7.729216152019003
174,CS 631,7.5964912280701755
175,CS 635,8.503759398496241
176,CS 675,7.095238095238095
177,CS 683,8.877659574468085
178,CS 691,9.32
179,CS 694,9.18452380952381
180,CS 699,7.807933194154488
181,CS 725,7.430441898527005
182,CS 744,7.709219858156028
183,CS 747,7.33261105092091
184,CS 770,7.761904761904762
185,CS 771,8.189655172413794
186,CSS801,9.113636363636363
187,CS 765,8.379562043795621
188,CS 767,7.604651162790698
189,DS 203,7.878048780487805
190,EE 101,7.668639053254438
191,EE 113,7.568
192,EE 204,7.373262032085561
193,EE 207,7.109459459459459
194,EE 224,8.119096509240247
195,EE 229,7.120495495495495
196,EE 301,6.672554347826087
197,EE 451,9.382978723404255
198,EE 491,9.461538461538462
199,EE 601,7.7845303867403315
200,EE 603,7.95850622406639
201,EE 609,8.324712643678161
202,EE 611,7.884393063583815
203,EE 617,8.435897435897436
204,EE 618,7.751152073732719
205,EE 635,7.247191011235955
206,EE 640,6.657657657657658
207,EE 653,7.273381294964029
208,EE 655,6.783132530120482
209,EE 657,7.317073170731708
210,EE 659,7.5568862275449105
211,EE 660,6.777777777777778
212,EE 669,7.197478991596639
213,EE 671,7.3666169895678095
214,EE 675,8.098591549295774
215,EE 679,7.653061224489796
216,EE 691,9.743243243243244
217,EE 694,8.8714859437751
218,EE 703,7.703703703703703
219,EE 720,7.341463414634147
220,EE 721,8.290030211480362
221,EE 723,8.569620253164556
222,EE 733,7.3681592039801
223,EE 748,8.211267605633802
224,EE 759,7.635135135135135
225,EE 781,8.275
226,EE 787,8.606060606060606
227,EE 788,8.428571428571429
228,EE 789,8.48917748917749
229,EES801,9.1
230,EE 309,7.940438871473354
231,EE 338,8.038116591928251
232,EE 492,9.71875
233,EE 602,7.723472668810289
234,EE 613,7.540322580645161
235,EN 203,7.111111111111111
236,EN 207,7.345132743362832
237,EN 209,6.466666666666667
238,EN 211,6.944954128440367
239,EN 301,7.55774647887324
240,EN 309,8.984962406015038
241,EN 313,6.402985074626866
242,EN 315,6.727891156462585
243,EN 317,7.492753623188406
244,EN 401,7.102189781021898
245,EN 406,7.3936170212765955
246,EN 407,7.1911764705882355
247,EN 409,7.0
248,EN 411,7.2835820895522385
249,EN 413,7.184615384615385
250,EN 601,6.6797385620915035
251,EN 602,6.595744680851064
252,EN 606,7.163398692810458
253,EN 613,6.52046783625731
254,EN 618,7.282051282051282
255,EN 639,7.040816326530612
256,EN 691,8.285714285714286
257,EN 694,6.851063829787234
258,EN 703,8.5
259,ENS801,8.64
260,ENS802,9.333333333333334
261,EN 321,7.809523809523809
262,ENT603,8.736928104575163
263,ENT606,8.492436974789916
264,ES 200,8.01439588688946
265,ES 201,6.285714285714286
266,ES 202,7.892857142857143
267,ES 203,7.388888888888889
268,ES 209,8.305882352941177
269,ES 296,6.95
270,ES 301,8.19626168224299
271,ES 303,8.833333333333334
272,ES 307,8.148514851485148
273,ES 315,7.666666666666667
274,ES 317,8.321428571428571
275,ES 319,7.921985815602837
276,ES 321,7.857142857142857
277,ES 401,8.5
278,ES 631,7.2620689655172415
279,ES 633,7.778688524590164
280,ES 635,7.792
281,ES 637,8.21311475409836
282,ES 639,7.385786802030457
283,ES 645,8.204081632653061
284,ES 647,8.30327868852459
285,ES 649,8.243243243243244
286,ES 653,9.035460992907801
287,ES 655,8.45945945945946
288,ES 657,6.1
289,ES 659,6.371428571428571
290,ES 694,7.934426229508197
291,ESS801,9.3125
292,ES 208,5.986666666666666
293,ES 302,8.063157894736841
294,ES 493,8.391304347826088
295,ES 495,7.7368421052631575
296,ES 670,8.25925925925926
297,ES 682,7.4015748031496065
298,ET 601,9.166666666666666
299,ET 610,8.104347826086956
300,ET 612,8.790322580645162
301,ET 613,9.088235294117647
302,ET 615,9.214285714285714
303,ET 619,9.409090909090908
304,GNR401,7.205555555555556
305,GNR603,7.88268156424581
306,GNR605,8.25
307,GNR607,7.586734693877551
308,GNR619,7.753846153846154
309,GNR621,8.029940119760479
310,GNR623,8.333333333333334
311,GNR627,8.840579710144928
312,GNR638,8.295698924731182
313,GNR653,8.310344827586206
314,GNRS01,8.333333333333334
315,GP 401,8.88888888888889
316,GP 403,6.950617283950617
317,GP 407,8.704225352112676
318,GP 413,8.273972602739725
319,GP 503,6.424657534246576
320,GP 505,6.43859649122807
321,GP 519,8.894736842105264
322,GP 521,8.75
323,GS 407,9.187919463087248
324,GS 415,8.815068493150685
325,GS 421,8.604026845637584
326,GS 435,9.205479452054794
327,GS 507,8.252525252525253
328,GS 517,7.475524475524476
329,GS 527,8.464285714285714
330,GS 535,8.12206572769953
331,GS 537,7.726666666666667
332,GS 539,9.284671532846716
333,GS 543,8.244813278008298
334,GS 647,7.913043478260869
335,GS 649,9.232558139534884
336,GS 663,8.142857142857142
337,GS 671,8.36923076923077
338,GS 673,7.871428571428571
339,GS 675,7.590604026845638
340,GS 679,7.355371900826446
341,GS 683,8.157894736842104
342,GS 688,8.647058823529411
343,GS691,7.8
344,GS 691,8.84375
345,GS 694,8.351145038167939
346,GS 701,7.6022727272727275
347,GS 815,9.3
348,GSS801,9.0
349,EC 101,7.664709225232052
350,HS 200,7.61741357234315
351,EC 221,7.779310344827586
352,EC 223,7.573426573426573
353,EC 225,6.818181818181818
354,EC 227,7.492857142857143
355,HS 301,7.730316742081448
356,HS 303,7.525704809286899
357,HS 305,7.066838046272494
358,EC 306,7.554744525547445
359,EC 308,7.688888888888889
360,EC 311,7.829457364341085
361,EC 313,7.548148148148148
362,EC 315,7.6940298507462686
363,EC 402,7.63302752293578
364,HS 412,7.044776119402985
365,HS 418,7.3076923076923075
366,HS 426,8.549019607843137
367,HS 436,7.694545454545454
368,EC 495,8.135593220338983
369,HS 501,8.522727272727273
370,HS 503,8.0
371,HS 505,8.069767441860465
372,HS 636,6.519230769230769
373,HS 637,8.010989010989011
374,HS 694,8.666666666666666
375,HS 800,8.867924528301886
376,EC 802,8.285714285714286
377,HS 807,8.8
378,HS 811,9.227272727272727
379,HS 842,8.692307692307692
380,ECS801,9.068493150684931
381,HS 449,7.933333333333334
382,HS 640,6.6
383,HS 804,8.787878787878787
384,DE 101,8.193103448275862
385,DE 103,8.527272727272727
386,DE 105,8.2
387,DE 121,7.8807339449541285
388,DE 123,6.423423423423423
389,DE 125,7.423423423423423
390,DE 131,8.272727272727273
391,DE 133,8.4
392,DE 201,7.713286713286713
393,DE 203,7.405405405405405
394,DE 205,8.137931034482758
395,DE 207,7.644230769230769
396,DE 209,7.4324324324324325
397,DE 221,7.7622377622377625
398,DE 231,7.426573426573427
399,DE 302,8.173913043478262
400,DE 303,8.015384615384615
401,DE 305,8.44
402,DE 307,8.404761904761905
403,DE 309,8.112676056338028
404,DE 315,7.613138686131387
405,DE 331,8.830065359477125
406,DE 403,7.91970802919708
407,DE 405,7.956521739130435
408,DE 431,8.87603305785124
409,DE 601,8.952380952380953
410,DE 603,8.920634920634921
411,DE 605,8.753846153846155
412,DE 607,9.0
413,DE 609,8.873015873015873
414,DE 610,8.35820895522388
415,DE 611,8.261538461538462
416,DE 613,8.620253164556962
417,DE 615,8.76923076923077
418,DE 617,9.075757575757576
419,DE 619,8.415384615384616
420,DE 621,8.640625
421,DE 623,8.953846153846154
422,DE 625,8.5
423,DE 627,7.147651006711409
424,DE 629,8.604166666666666
425,DE 631,8.13978494623656
426,DE 633,8.217391304347826
427,DE 635,8.97872340425532
428,DE 637,7.923076923076923
429,DE 639,8.108695652173912
430,DE 641,9.295081967213115
431,DE 643,8.319148936170214
432,DE 645,8.666666666666666
433,DE 647,8.708333333333334
434,DE 649,8.541666666666666
435,DE 651,9.081967213114755
436,DE 653,9.073170731707316
437,DE 655,9.292682926829269
438,DE 657,8.195121951219512
439,DE 659,8.536585365853659
440,DE 661,8.642857142857142
441,DE 663,8.484375
442,DE 665,8.395348837209303
443,DE 669,9.246268656716419
444,DE 673,8.5
445,DE 675,8.512195121951219
446,DE 678,9.428571428571429
447,DE 679,8.604651162790697
448,DE 701,8.166666666666666
449,DE 702,8.00374531835206
450,DE 705,8.26984126984127
451,DE 707,7.796875
452,DE 709,7.901960784313726
453,DE 711,8.78
454,DE 713,8.652173913043478
455,DE 715,8.338235294117647
456,DE 721,8.261538461538462
457,DE 801,8.275862068965518
458,DE 803,7.908333333333333
459,DEP204,7.532258064516129
460,DEP301,8.381294964028777
461,DEP304,8.093023255813954
462,DEP501,6.2631578947368425
463,DEP701,8.531578947368422
464,DEP702,6.769230769230769
465,DEP703,8.058365758754864
466,DEP403,7.606741573033708
467,IE 501,7.838495575221239
468,IE 503,7.026773761713521
469,IE 507,8.435
470,IE 509,8.709090909090909
471,IE 605,7.614678899082569
472,IE 609,7.168571428571428
473,IE 621,6.522427440633245
474,IE 643,5.626780626780627
475,IE 688,9.033333333333333
476,IE 802,8.384615384615385
477,IES801,8.826086956521738
478,MA 108,6.515807392996109
479,MA 109,6.781004522732682
480,MA 111,6.502348520432128
481,MA 205,6.5651074589127685
482,MA 401,7.019047619047619
483,MA 403,6.1923076923076925
484,MA 417,6.88659793814433
485,MA 419,6.652671755725191
486,MA 503,6.638418079096045
487,MA5101,7.228571428571429
488,MA5102,7.177777777777778
489,MA 515,7.728323699421965
490,MA 521,6.689655172413793
491,MA 523,6.926315789473684
492,MA 538,8.321428571428571
493,MA 811,8.757575757575758
494,MA 813,8.555555555555555
495,MA 815,8.555555555555555
496,MA 817,8.666666666666666
497,MA 833,8.567567567567568
498,MA 863,8.75
499,MAS801,9.333333333333334
500,SI 419,6.818604651162791
501,SI 423,7.251572327044025
502,SI 503,8.808510638297872
503,SI 505,8.816901408450704
504,SI 507,6.994252873563219
505,SI 515,6.513761467889908
506,SI 593,9.277777777777779
507,ME 119,8.774572127139365
508,ME 201,7.080476900149031
509,ME 209,7.143665158371041
510,ME 219,7.262180974477959
511,ME 221,7.275340393343419
512,ME 311,7.0344403444034445
513,ME 409,7.75
514,ME 415,7.53125
515,ME 477,7.451612903225806
516,ME 494,9.571428571428571
517,ME 601,6.491304347826087
518,ME 603,7.124444444444444
519,ME6101,8.041666666666666
520,ME6102,8.0
521,ME6110,6.9879518072289155
522,ME 617,8.195876288659793
523,ME 651,6.783783783783784
524,ME 661,7.026431718061674
525,ME 662,7.4375
526,ME 663,7.2098360655737705
527,ME 669,8.454545454545455
528,ME 673,7.43398533007335
529,ME 681,7.540983606557377
530,ME 694,8.360576923076923
531,ME 704,7.896995708154506
532,ME 710,7.457831325301205
533,ME 735,8.699186991869919
534,ME 760,6.883333333333334
535,ME 773,7.124031007751938
536,ME 781,7.5310173697270475
537,ME 782,6.748427672955975
538,ME 785,7.149253731343284
539,ME 786,7.533333333333333
540,ME 787,6.923076923076923
541,ME 788,8.01063829787234
542,ME 791,8.325
543,MES801,8.982608695652173
544,IWE708,8.454545454545455
545,IWE709,8.577777777777778
546,IWE716,7.844444444444444
547,MG 401,7.905063291139241
548,MG 403,7.8076923076923075
549,MGT801,8.631578947368421
550,MNG802,7.6421052631578945
551,MNG803,6.102564102564102
552,SOM601,8.157446808510638
553,SOM602,7.841991341991342
554,SOM603,7.707368421052632
555,SOM604,7.633047210300429
556,SOM605,6.877155172413793
557,SOM606,7.231422505307855
558,SOM607,7.067685589519651
559,SOM608,8.043196544276459
560,SOM609,8.313978494623656
561,SOM610,7.354347826086957
562,SOM611,7.280254777070064
563,SOM626,8.415841584158416
564,SOM633,8.319526627218934
565,SOM637,8.406015037593985
566,SOM645,8.6875
567,SOM650,7.940476190476191
568,SOM651,6.75
569,SOM653,7.875
570,SOM654,7.666666666666667
571,SOM655,7.595959595959596
572,SOM661,7.98314606741573
573,SOM663,8.434782608695652
574,SOM677,8.543478260869565
575,SOM689,7.9655172413793105
576,SOM690,8.344961240310077
577,SOM697,8.193832599118943
578,SOM703,8.0
579,SOM704,8.009569377990431
580,SOM705,8.703007518796992
581,IWE705,8.355555555555556
582,MGS802,9.097560975609756
583,SOM646,8.368421052631579
584,MM 201,6.3076923076923075
585,MM 209,8.033444816053512
586,MM 217,7.079012345679012
587,MM 305,6.62
588,MM 396,7.132978723404255
589,MM 409,6.919540229885057
590,MM 433,8.746236559139785
591,MM 435,8.501340482573726
592,MM 447,7.411290322580645
593,MM 452,8.070175438596491
594,MM 453,8.014613778705638
595,MM 474,7.586734693877551
596,MM 492,9.40625
597,MM 621,8.505263157894737
598,MM 641,8.717391304347826
599,MM 651,7.668161434977579
600,MM 654,7.471264367816092
601,MM 659,7.95575221238938
602,MM 680,8.858695652173912
603,MM 681,8.4
604,MM 695,8.338461538461539
605,MM 713,7.829787234042553
606,MM 717,8.285714285714286
607,MM 719,8.33108108108108
608,MM 724,9.13953488372093
609,MM 729,8.426470588235293
610,MM 730,7.394736842105263
611,MM 731,8.80794701986755
612,MM 732,8.633423180592992
613,MM 733,8.435897435897436
614,MM 734,8.902439024390244
615,MM 735,9.254901960784315
616,MM 737,7.743801652892562
617,MM 738,8.069230769230769
618,MM 748,8.777777777777779
619,MMS801,9.231707317073171
620,MM 220,8.11328125
621,PH 207,7.897435897435898
622,PH 215,7.221621621621622
623,PH 217,6.577519379844961
624,PH 219,6.723618090452261
625,PH 251,7.770491803278689
626,PH 253,8.84
627,PH 303,9.425531914893616
628,PH 401,7.253521126760563
629,PH 403,7.516908212560386
630,PH 405,8.01923076923077
631,PH 407,7.333333333333333
632,PH 421,7.100418410041841
633,PH 423,7.051282051282051
634,PH 434,7.284
635,PH 435,8.895454545454545
636,PH 443,8.582914572864322
637,PH 505,6.9601449275362315
638,PH 515,7.670212765957447
639,PH 517,6.747706422018348
640,PH 523,7.0608108108108105
641,PH 543,8.104477611940299
642,PH 549,7.769230769230769
643,PH 557,7.770491803278689
644,PH 561,7.416666666666667
645,PH 563,7.37012987012987
646,PH 565,7.678571428571429
647,PH 567,7.590425531914893
648,PH 569,7.85
649,PH 587,9.25974025974026
650,PH 595,9.203703703703704
651,PHS801,9.58974358974359
652,PH 202,6.470899470899471
653,PS 601,8.333333333333334
654,PS 605,8.935483870967742
655,PS 609,8.26923076923077
656,PS 612,9.130434782608695
657,PS 621,8.685185185185185
658,PSS803,8.964285714285714
659,PS 627,8.4
660,PSS802,8.657894736842104
661,SC 301,7.212962962962963
662,SC 617,8.196428571428571
663,SC 625,7.263565891472868
664,SC 629,6.225806451612903
665,SC 631,7.253846153846154
666,SC 639,7.793010752688172
667,SC 694,6.9423076923076925
668,SCS801,9.0
669,SC 645,6.771929824561403
670,SCS802,9.5
671,TD 602,8.5
672,TD 603,8.69767441860465
673,TD 607,8.382352941176471
674,TD 608,8.708333333333334
675,TD 613,7.94
676,TD 621,8.5
677,TD 626,7.582278481012659
678,TD 694,8.354166666666666
679,US 602,8.471428571428572
680,US 607,8.642857142857142
681,US 609,9.923076923076923
682,US 613,9.928571428571429
683,USS801,8.6
684,US 694,9.142857142857142
685,AE 234,6.588014981273409
686,AE 236,6.142857142857143
687,AE 314,8.871621621621621
688,AE 316,8.281456953642385
689,AE 429,9.0
690,AE 607,8.841269841269842
691,AE 611,8.694444444444445
692,AE 622,7.815789473684211
693,AE 699,9.282608695652174
694,AE 727,8.547169811320755
695,AE 238,7.587020648967552
696,AE 240,6.6689655172413795
697,AE 242,7.097165991902834
698,AE 332,7.085106382978723
699,AE 427,7.877076411960133
700,AE 494,9.8125
701,AE 648,7.375
702,AE 649,7.04
703,AE 665,6.475
704,AE 667,6.521367521367521
705,AE 678,6.833333333333333
706,AE 706,7.196850393700787
707,AE 713,5.25531914893617
708,AE 714,8.429752066115702
709,AE 717,8.379310344827585
710,AE 738,6.425
711,AE 755,7.946341463414634
712,BB 101,7.8324120603015075
713,BB 513,9.162790697674419
714,BB 519,9.424657534246576
715,BB 653,8.566037735849056
716,BB 602,8.674603174603174
717,BB 610,9.524425287356323
718,BB 611,8.73913043478261
719,BB 612,8.756756756756756
720,BB 616,8.061224489795919
721,BB 618,8.333333333333334
722,BB 621,7.487288135593221
723,BB 623,8.710526315789474
724,BB 624,7.594594594594595
725,BB 640,9.117647058823529
726,BB 642,8.74
727,BB 655,8.205128205128204
728,BB 658,8.324324324324325
729,BB 662,8.923076923076923
730,BB 702,9.898550724637682
731,BBS802,9.224137931034482
732,CE 102,6.783429040196883
733,CE 232,7.15625
734,CE 607,7.6
735,CE 694,8.770186335403727
736,CE 695,9.352941176470589
737,CE 706,8.384615384615385
738,CE 718,8.26923076923077
739,CE 725,7.3076923076923075
740,CE 204,6.042402826855124
741,CE 228,7.562264150943396
742,CE 230,8.507142857142858
743,CE 433,6.942028985507246
744,CE 444,6.0
745,CE 448,7.802631578947368
746,CE 465,6.810344827586207
747,CE 495,9.306122448979592
748,CE 608,7.3125
749,CE 610,7.180851063829787
750,CE 620,7.475675675675675
751,CE 629,8.333333333333334
752,CE 645,7.809523809523809
753,CE 651,7.87
754,CE 652,7.666666666666667
755,CE 654,8.397260273972602
756,CE 656,8.416666666666666
757,CE 658,7.273224043715847
758,CE 659,7.913043478260869
759,CE 676,7.259740259740259
760,CE 677,7.972972972972973
761,CE 684,8.80952380952381
762,CE 687,5.904761904761905
763,CE 699,8.931818181818182
764,CE 707,8.1875
765,CE 708,7.3076923076923075
766,CE 719,7.029045643153527
767,CE 722,8.796875
768,CE 723,7.453125
769,CE 743,5.309352517985611
770,CE 749,5.820754716981132
771,CE 773,7.821428571428571
772,CE 780,7.732484076433121
773,CH 104,7.217948717948718
774,CH 220,6.528735632183908
775,CH 224,7.269662921348314
776,CH 408,7.9880239520958085
777,CH 438,8.114457831325302
778,CH 442,7.04424778761062
779,CH 504,8.430232558139535
780,CH 560,7.1525423728813555
781,CH 578,8.333333333333334
782,CH 586,7.705761316872428
783,CH 592,9.555555555555555
784,CH 594,9.417085427135678
785,CH 596,9.210526315789474
786,CH 824,9.0
787,CH 864,8.159420289855072
788,CHS802,9.569230769230769
789,CL 202,6.625850340136054
790,CL 333,8.037735849056604
791,CL 407,6.8661844484629295
792,CL 433,7.854368932038835
793,CL 451,6.369090909090909
794,CL 607,7.706730769230769
795,CLS802,9.25925925925926
796,CL 254,6.503322259136213
797,CL 306,7.056261343012705
798,CL 310,6.633971291866029
799,CL 325,7.344827586206897
800,CL 445,9.272727272727273
801,CL 494,9.75
802,CL 603,6.9185185185185185
803,CL 604,6.906542056074766
804,CL 613,7.553571428571429
805,CL 678,7.694158075601375
806,CL 686,7.428571428571429
807,CL 694,8.778688524590164
808,CL 716,5.684210526315789
809,CL 722,7.55
810,CM 402,7.611253196930947
811,CS 310,7.5949197860962565
812,CS 692,9.615384615384615
813,CS 741,7.7043478260869565
814,CS 777,9.277777777777779
815,CS 252,8.18199233716475
816,CS 302,7.182108626198083
817,CS 316,8.128834355828221
818,CS 317,7.541538461538462
819,CS 387,8.521604938271604
820,CS 406,7.118110236220472
821,CS 419,7.816625916870415
822,CS 496,9.714285714285714
823,CS 681,7.475
824,CS 684,8.016666666666667
825,CS 695,7.508361204013378
826,CS 719,7.2
827,CS 726,7.752659574468085
828,CS 728,8.347457627118644
829,CS 736,7.882352941176471
830,CS 748,8.52112676056338
831,CS 752,7.697885196374623
832,CS 753,7.758308157099698
833,CS 763,7.604651162790698
834,CS 766,7.631578947368421
835,CS 769,7.995121951219512
836,CS 772,7.682142857142857
837,CS 779,8.08108108108108
838,DS 303,7.648221343873518
839,EE 114,7.440056417489422
840,EE 214,7.952020202020202
841,EE 221,7.423529411764706
842,EE 324,9.20249653259362
843,EE 325,6.901185770750988
844,EE 340,7.910863509749303
845,EE 605,7.24031007751938
846,EE 616,8.239583333333334
847,EE 678,8.75
848,EE 692,9.5
849,EE 735,7.878787878787879
850,EE 799,8.3125
851,EE 238,7.441941074523397
852,EE 240,8.48607594936709
853,EE 302,7.133608815426998
854,EE 334,7.474683544303797
855,EE 337,8.113467656415695
856,EE 344,8.206043956043956
857,EE 606,6.825396825396825
858,EE 619,8.046099290780141
859,EE 620,7.7272727272727275
860,EE 621,7.154394299287411
861,EE 622,5.993975903614458
862,EE 636,7.341666666666667
863,EE 651,8.289855072463768
864,EE 654,7.697247706422019
865,EE 672,8.918032786885245
866,EE 699,8.135135135135135
867,EE 701,8.239583333333334
868,EE 705,9.036796536796537
869,EE 706,7.905913978494624
870,EE 708,7.265432098765432
871,EE 709,7.84257602862254
872,EE 719,7.75
873,EE 722,7.21025641025641
874,EE 727,9.23076923076923
875,EE 728,8.514084507042254
876,EE 736,8.962962962962964
877,EE 737,9.387096774193548
878,EE 739,8.152173913043478
879,EE 764,7.085106382978723
880,EE 769,7.444981862152358
881,EE 770,7.529661016949152
882,EE 790,7.7974683544303796
883,EE 791,7.742857142857143
884,EE 793,8.32420091324201
885,EE 800,8.602739726027398
886,EN 417,7.8533333333333335
887,EN 692,8.085106382978724
888,EN 204,6.952941176470588
889,EN 212,5.938053097345133
890,EN 214,6.96969696969697
891,EN 216,8.116279069767442
892,EN 218,7.584615384615384
893,EN 302,6.208333333333333
894,EN 304,4.593548387096774
895,EN 308,8.582089552238806
896,EN 310,8.525925925925925
897,EN 312,6.538461538461538
898,EN 314,7.490909090909091
899,EN 408,7.361538461538461
900,EN 410,7.155555555555556
901,EN 412,6.938461538461539
902,EN 414,8.333333333333334
903,EN 418,7.090909090909091
904,EN 422,8.173913043478262
905,EN 604,6.850574712643678
906,EN 607,7.379746835443038
907,EN 610,6.8700787401574805
908,EN 612,8.652173913043478
909,EN 640,7.383928571428571
910,EN 642,7.059259259259259
911,EN 657,8.33125
912,EN 661,7.290322580645161
913,ENT602,8.32934131736527
914,ENT608,8.961070559610706
915,ES 253,8.284552845528456
916,ES 351,9.140939597315436
917,ES 494,8.833333333333334
918,ES 651,8.298076923076923
919,ES 204,7.326923076923077
920,ES 206,7.867469879518072
921,ES 210,7.894117647058824
922,ES 212,8.238095238095237
923,ES 216,8.227272727272727
924,ES 252,8.85
925,ES 306,8.444444444444445
926,ES 308,8.39047619047619
927,ES 312,6.735849056603773
928,ES 600,8.110047846889952
929,ES 616,7.962406015037594
930,ES 624,7.224299065420561
931,ES 664,7.568807339449541
932,ES 666,6.793103448275862
933,ES 668,8.144329896907216
934,ES 672,8.367521367521368
935,ES 674,7.728
936,ES 680,8.807339449541285
937,ET 604,9.410714285714286
938,ET 605,9.125
939,ET 611,9.3
940,ET 614,9.204081632653061
941,ET 694,9.043478260869565
942,GNR615,9.101694915254237
943,GNR617,8.765217391304347
944,GNR631,7.728260869565218
945,GNR642,8.64
946,GNR646,9.181818181818182
947,GNR402,6.484276729559748
948,GNR408,9.666666666666666
949,GNR602,7.128272251308901
950,GNR618,7.458450046685341
951,GNR628,7.03
952,GNR629,8.176470588235293
953,GNR630,7.251231527093596
954,GNR633,8.350515463917526
955,GNR640,7.854166666666667
956,GNR644,7.366666666666666
957,GNR647,8.5
958,GNR651,8.494949494949495
959,GNR652,9.0875
960,GNR694,8.973214285714286
961,GNR697,9.75
962,GNRS02,8.1875
963,GP 415,9.225352112676056
964,GP 402,8.458333333333334
965,GP 408,8.915492957746478
966,GP 414,9.084507042253522
967,GP 416,8.96
968,GP 418,7.957746478873239
969,GP 420,9.014084507042254
970,GP 502,7.209580838323354
971,GP 506,8.028169014084508
972,GP 516,8.731481481481481
973,GP 518,7.529411764705882
974,GP 520,8.602941176470589
975,GS 413,9.03448275862069
976,GS 433,9.50344827586207
977,GS 519,9.29496402877698
978,GS 541,9.116788321167883
979,GS 318,8.300380228136882
980,GS 416,8.753424657534246
981,GS 422,8.523489932885907
982,GS 430,9.027027027027026
983,GS 434,7.319727891156463
984,GS 436,8.312925170068027
985,GS 438,8.216216216216216
986,GS 440,9.691780821917808
987,GS 530,8.166666666666666
988,GS 534,8.666666666666666
989,GS 536,8.428571428571429
990,GS 538,8.687943262411348
991,GS 540,9.371212121212121
992,GS 552,8.231884057971014
993,GS 662,7.102803738317757
994,GS 672,6.608
995,GS 676,6.134615384615385
996,GS 687,8.066666666666666
997,GS 706,7.897058823529412
998,GSS802,8.8
999,HS 693,9.368421052631579
1000,HS 860,9.090909090909092
1001,EC 210,7.86231884057971
1002,EC 212,6.842465753424658
1003,EC 214,7.027972027972028
1004,HS 216,8.037383177570094
1005,EC 302,8.0625
1006,EC 304,7.467213114754099
1007,HS 401,7.704545454545454
1008,EC 405,7.46969696969697
1009,EC 407,7.5
1010,EC 411,7.604477611940299
1011,EC 440,7.594059405940594
1012,HS 448,6.761061946902655
1013,HS 451,7.58955223880597
1014,HS 497,8.012195121951219
1015,HS 502,8.894736842105264
1016,HS 504,8.3
1017,HS 506,8.513513513513514
1018,HS 618,6.161490683229814
1019,HS 624,7.714285714285714
1020,HS 629,8.019607843137255
1021,HS 634,7.211538461538462
1022,HS 809,9.105263157894736
1023,HS 821,7.333333333333333
1024,HS 840,9.8
1025,HS 845,7.684210526315789
1026,HSS802,8.903225806451612
1027,DE 666,9.12
1028,DE 687,8.521052631578947
1029,DE 717,7.851851851851852
1030,DE 802,8.304347826086957
1031,DE 804,7.472727272727273
1032,DE 102,8.86013986013986
1033,DE 104,8.899082568807339
1034,DE 106,8.70138888888889
1035,DE 107,7.0588235294117645
1036,DE 108,7.5
1037,DE 122,8.254545454545454
1038,DE 132,8.072072072072071
1039,DE 134,7.364864864864865
1040,DE 202,7.948275862068965
1041,DE 204,7.17741935483871
1042,DE 206,7.858156028368795
1043,DE 208,8.59349593495935
1044,DE 210,7.390909090909091
1045,DE 222,8.16551724137931
1046,DE 232,7.5476190476190474
1047,DE 304,8.104477611940299
1048,DE 306,9.238095238095237
1049,DE 308,8.166666666666666
1050,DE 310,7.833333333333333
1051,DE 313,8.38888888888889
1052,DE 316,8.777777777777779
1053,DE 322,8.224489795918368
1054,DE 332,8.601503759398497
1055,DE 602,9.278688524590164
1056,DE 604,8.836065573770492
1057,DE 606,9.311475409836065
1058,DE 608,9.11320754716981
1059,DE 612,8.264492753623188
1060,DE 614,8.733576642335766
1061,DE 616,8.153846153846153
1062,DE 618,9.01086956521739
1063,DE 620,8.8
1064,DE 622,8.680851063829786
1065,DE 624,8.806451612903226
1066,DE 628,8.887096774193548
1067,DE 630,8.672131147540984
1068,DE 634,8.72340425531915
1069,DE 636,8.617021276595745
1070,DE 638,8.680851063829786
1071,DE 640,8.574468085106384
1072,DE 642,8.958333333333334
1073,DE 644,8.80952380952381
1074,DE 646,7.902439024390244
1075,DE 648,8.738095238095237
1076,DE 650,8.857142857142858
1077,DE 652,8.186046511627907
1078,DE 654,8.98360655737705
1079,DE 656,8.166666666666666
1080,DE 660,8.712328767123287
1081,DE 676,8.487804878048781
1082,DE 680,8.82258064516129
1083,DE 683,9.481481481481481
1084,DEP302,8.489051094890511
1085,DEP406,7.305555555555555
1086,DEP502,8.0625
1087,DEP504,8.4
1088,DEP602,8.671875
1089,DEP706,8.220779220779221
1090,IE 604,7.612903225806452
1091,IE 714,7.957446808510638
1092,IES601,8.307692307692308
1093,IE 614,6.895348837209302
1094,IE 616,6.894021739130435
1095,IE 622,6.991228070175438
1096,IE 630,7.625418060200669
1097,IE 663,7.2
1098,IE 684,8.571428571428571
1099,IE 694,7.927083333333333
1100,IE 716,7.654545454545454
1101,MA 214,6.909571344685848
1102,MA 406,7.0256410256410255
1103,MA 408,7.005235602094241
1104,MA 410,7.697916666666667
1105,MA 412,6.03862660944206
1106,MA 414,5.468085106382978
1107,MA 450,8.916666666666666
1108,MA5106,7.0181818181818185
1109,MA5108,8.5
1110,MA5112,8.264150943396226
1111,MA 524,7.933333333333334
1112,MA 526,7.35
1113,MA 528,8.17142857142857
1114,MA 532,9.129032258064516
1115,MA 534,7.355555555555555
1116,MA 540,7.859154929577465
1117,MA 598,9.25
1118,MA 812,8.62962962962963
1119,MA 814,7.7254901960784315
1120,MA 816,8.592592592592593
1121,MA 820,8.071428571428571
1122,MA 823,7.352941176470588
1123,MA 824,8.710526315789474
1124,MA 862,8.75
1125,MA 867,9.076923076923077
1126,MAS802,9.25
1127,SI 404,7.28921568627451
1128,SI 416,7.481927710843373
1129,SI 422,7.06043956043956
1130,SI 509,6.894366197183099
1131,SI 514,9.131313131313131
1132,SI 526,8.518248175182482
1133,SI 527,6.948453608247423
1134,SI 534,8.13138686131387
1135,SI 536,6.132075471698113
1136,SI 598,9.324324324324325
1137,ME 307,8.56125
1138,ME 374,8.874371859296483
1139,ME 460,7.3428571428571425
1140,ME 496,9.454545454545455
1141,ME 613,7.23
1142,ME 202,7.19496855345912
1143,ME 206,7.697388632872504
1144,ME 213,9.190588235294118
1145,ME 218,8.820422535211268
1146,ME 224,8.805813953488371
1147,ME 372,9.254364089775562
1148,ME 412,8.106666666666667
1149,ME 472,8.148148148148149
1150,ME 604,6.1484375
1151,ME 616,6.833333333333333
1152,ME 643,8.924242424242424
1153,ME 657,8.510344827586207
1154,ME 677,7.777777777777778
1155,ME 683,8.052631578947368
1156,ME 684,8.076923076923077
1157,ME 712,7.7368421052631575
1158,ME 714,7.326530612244898
1159,ME 748,7.377697841726619
1160,ME 750,7.25
1161,ME 754,6.799086757990867
1162,ME 759,7.7272727272727275
1163,ME 761,8.166666666666666
1164,ME 769,7.268156424581005
1165,ME 772,7.211764705882353
1166,ME 789,7.88
1167,ME 793,7.54014598540146
1168,ME 794,7.663101604278075
1169,MES802,10.0
1170,IWE711,8.432432432432432
1171,IWE713,8.4
1172,IWE714,8.058823529411764
1173,MGS801,8.46774193548387
1174,SOM620,7.9119170984455955
1175,SOM634,7.415384615384616
1176,SOM642,8.354330708661417
1177,SOM698,7.755952380952381
1178,IWE701,9.135483870967741
1179,IWE702,8.512820512820513
1180,IWE703,8.219354838709677
1181,IWE706,8.484375
1182,MG 402,7.705882352941177
1183,MG 405,7.182389937106918
1184,MG 406,7.230769230769231
1185,MG 802,7.7
1186,MGT804,8.432835820895523
1187,MGT805,8.722222222222221
1188,SOM612,7.962800875273523
1189,SOM613,7.040511727078891
1190,SOM614,7.836559139784947
1191,SOM615,7.631465517241379
1192,SOM616,8.206451612903226
1193,SOM617,7.72093023255814
1194,SOM618,7.832258064516129
1195,SOM619,7.530042918454936
1196,SOM621,7.175438596491228
1197,SOM623,9.160919540229886
1198,SOM643,7.781456953642384
1199,SOM652,8.576763485477178
1200,SOM664,8.360975609756098
1201,SOM665,7.927710843373494
1202,SOM679,7.454545454545454
1203,SOM680,8.126262626262626
1204,SOM691,8.321568627450981
1205,SOM693,8.617647058823529
1206,SOM700,8.410788381742739
1207,SOM701,7.854838709677419
1208,SOM711,7.920634920634921
1209,SOM712,8.641350210970463
1210,SOM716,7.107142857142857
1211,SOM718,7.563953488372093
1212,SOM744,7.813559322033898
1213,MMM694,9.428571428571429
1214,MM 417,8.290322580645162
1215,MM 439,5.931129476584022
1216,MM 454,7.3532008830022075
1217,MM 494,9.6
1218,MM 694,8.747863247863247
1219,MMS802,9.366666666666667
1220,MM 152,6.1993769470404985
1221,MM 203,6.297229219143577
1222,MM 204,7.568181818181818
1223,MM 206,6.486486486486487
1224,MM 212,10.0
1225,MM 320,6.619329388560158
1226,MM 322,9.288
1227,MM 323,8.379310344827585
1228,MM 357,6.74901185770751
1229,MM 359,7.198818897637795
1230,MM 406,6.969135802469136
1231,MM 408,7.185185185185185
1232,MM 445,8.24390243902439
1233,MM 612,9.0
1234,MM 622,8.431034482758621
1235,MM 624,7.617647058823529
1236,MM 626,8.378378378378379
1237,MM 638,8.511627906976743
1238,MM 650,8.420289855072463
1239,MM 652,7.666666666666667
1240,MM 656,8.272486772486772
1241,MM 674,8.345864661654135
1242,MM 677,8.193548387096774
1243,MM 684,8.88888888888889
1244,MM 691,8.647058823529411
1245,MM 700,8.149532710280374
1246,MM 712,7.951612903225806
1247,MM 718,8.478260869565217
1248,MM 722,8.255813953488373
1249,MM 739,9.047619047619047
1250,MM 746,8.666666666666666
1251,MM 749,7.089108910891089
1252,MM 753,8.869565217391305
1253,PH 117,8.039294895336026
1254,PH 231,8.447368421052632
1255,PH 233,7.50531914893617
1256,PH 447,8.818181818181818
1257,PH 527,8.778378378378378
1258,PH 588,9.368421052631579
1259,PH 204,7.126373626373627
1260,PH 230,8.7
1261,PH 232,9.0418410041841
1262,PH 252,7.407407407407407
1263,PH 408,7.14070351758794
1264,PH 410,7.190697674418605
1265,PH 418,7.6745283018867925
1266,PH 422,7.153846153846154
1267,PH 424,7.374384236453202
1268,PH 436,6.736170212765957
1269,PH 438,6.368852459016393
1270,PH 441,9.127551020408163
1271,PH 444,7.351111111111111
1272,PH 446,8.264069264069263
1273,PH 500,7.25
1274,PH 510,7.746192893401015
1275,PH 512,9.372972972972972
1276,PH 530,6.976744186046512
1277,PH 534,7.279166666666667
1278,PH 540,6.433734939759036
1279,PH 544,6.903225806451613
1280,PH 550,8.26086956521739
1281,PH 556,6.9113924050632916
1282,PH 562,8.491803278688524
1283,PH 566,7.578378378378378
1284,PH 572,9.583333333333334
1285,PH 580,8.546218487394958
1286,PH 596,9.322222222222223
1287,PHS802,9.69767441860465
1288,PS 606,8.723214285714286
1289,PS 625,8.14423076923077
1290,PS 630,9.065217391304348
1291,PSS801,8.75
1292,PS 602,8.731707317073171
1293,PS 607,8.6
1294,PS 610,8.263736263736265
1295,PS 626,8.873333333333333
1296,PS 694,8.350877192982455
1297,SC 202,7.870967741935484
1298,SC 602,6.928571428571429
1299,SC 607,7.463157894736842
1300,SC 626,7.975609756097561
1301,SC 647,9.384615384615385
1302,TD 609,10.0
1303,TD 604,8.222222222222221
1304,TD 620,8.4375
1305,TD 627,9.117647058823529
1306,TD 630,8.478260869565217
1307,TD 632,7.956521739130435
1308,TD 653,8.522727272727273
1309,US 611,10.0
1310,US 603,8.733333333333333
1311,US 606,9.2
1312,US 614,9.857142857142858
1313,AE 103,8.20125786163522
1314,AE 229,7.342465753424658
1315,AE 231,8.534246575342467
1316,AE 501,7.6
1317,AE 623,8.289473684210526
1318,AE 681,6.242857142857143
1319,AE 725,7.393103448275862
1320,BB 402,7.455696202531645
1321,BB 405,7.10752688172043
1322,BB 427,9.5
1323,BB 502,9.5
1324,BB 505,9.088235294117647
1325,BB 517,7.804347826086956
1326,BB 521,8.070707070707071
1327,BB 523,7.742424242424242
1328,BB 525,8.352112676056338
1329,BB 527,9.125
1330,BB 529,9.28125
1331,BB 531,8.2
1332,BB 535,9.333333333333334
1333,BB 539,9.0
1334,BB 601,9.371428571428572
1335,BB 607,8.601769911504425
1336,BB 617,9.13888888888889
1337,BB 638,7.867088607594937
1338,BB 647,8.571428571428571
1339,BB 669,6.48
1340,BB 681,8.75
1341,BB 706,8.588235294117647
1342,CE 103,7.6911764705882355
1343,CE 203,6.090361445783133
1344,CE 207,7.693333333333333
1345,CE 209,6.887417218543046
1346,CE 219,7.633333333333334
1347,CE 235,7.02027027027027
1348,CE 310,8.575178997613365
1349,CE 317,5.293103448275862
1350,CE 323,6.733009708737864
1351,CE 325,6.136865342163356
1352,CE 328,8.808056872037914
1353,CE 401,7.588014981273409
1354,CE 407,6.53639846743295
1355,CE 410,7.37037037037037
1356,CE 462,6.218181818181818
1357,CE 647,8.541666666666666
1358,CE 702,8.290322580645162
1359,CH 111,6.5049504950495045
1360,CH 117,9.266961651917404
1361,CH 209,7.258064516129032
1362,CH 219,9.535714285714286
1363,CH 231,8.724137931034482
1364,CH 415,9.02909090909091
1365,CH 417,9.242753623188406
1366,CH 433,9.301538461538462
1367,CH 481,7.771689497716895
1368,CH 514,7.8
1369,CH 812,8.736842105263158
1370,CH 817,8.210526315789474
1371,CH 818,9.1
1372,CH 831,9.53968253968254
1373,CH 839,8.833333333333334
1374,CH 845,9.115384615384615
1375,CL 205,6.868571428571428
1376,CL 207,6.931972789115647
1377,CL 250,6.641025641025641
1378,CL 305,7.360824742268041
1379,CL 319,6.564516129032258
1380,CL 324,6.868055555555555
1381,CL 461,8.925925925925926
1382,CL 464,7.188888888888889
1383,CL 501,8.866666666666667
1384,CL 611,8.428571428571429
1385,CL 618,7.173076923076923
1386,CL 671,8.0
1387,CL 674,5.6
1388,CL 675,8.0
1389,CL 688,7.985714285714286
1390,CL 710,6.222222222222222
1391,CL 718,9.071428571428571
1392,CM 505,9.0
1393,CM 612,8.5
1394,CM 613,8.666666666666666
1395,CS 105,7.279569892473118
1396,CS 152,8.302564102564103
1397,CS 154,8.308080808080808
1398,CS 230,8.38488576449912
1399,CS 231,8.563157894736841
1400,CS 232,9.05026455026455
1401,CS6001,7.828125
1402,CS 602,7.676470588235294
1403,CS 614,8.903225806451612
1404,CS 663,7.36964980544747
1405,CS 742,7.24015748031496
1406,CS 758,6.818181818181818
1407,CS 768,8.51923076923077
1408,CS 774,10.0
1409,CS 781,7.931034482758621
1410,CS 782,8.75
1411,CSS802,10.0
1412,DH 301,7.662650602409639
1413,DH 302,9.13768115942029
1414,DH 307,8.918238993710691
1415,DH 803,8.095238095238097
1416,DHS801,9.375
1417,EC 401,8.227272727272727
1418,EC 638,8.578947368421053
1419,EC 707,8.232142857142858
1420,EE 103,7.651741293532338
1421,EE 236,7.629565217391304
1422,EE 341,7.188581314878893
1423,EE 457,8.454545454545455
1424,EE 501,7.117647058823529
1425,EE 610,7.516393442622951
1426,EE6101,9.6
1427,EE6102,9.035714285714286
1428,EE6105,7.380952380952381
1429,EE 638,8.371428571428572
1430,EE 658,8.533333333333333
1431,EE 673,8.3625
1432,EE 746,7.635555555555555
1433,EE 782,8.427745664739884
1434,EN 110,7.989247311827957
1435,EN 213,6.471698113207547
1436,EN 319,7.438848920863309
1437,EN 405,9.114754098360656
1438,EN 415,8.983870967741936
1439,EN 609,8.365853658536585
1440,EN 624,7.702702702702703
1441,EN 632,7.61139896373057
1442,EN 637,9.289473684210526
1443,EN 655,8.915254237288135
1444,EN 658,7.594594594594595
1445,EN 663,7.45
1446,ENT101,8.757985257985258
1447,ENT609,8.420168067226891
1448,ES 101,7.684210526315789
1449,ES 404,7.8
1450,ES 407,8.246575342465754
1451,ES 451,8.494623655913978
1452,ES 601,8.222222222222221
1453,ES 691,8.692307692307692
1454,ET 606,9.5
1455,ET 621,7.2
1456,ET 622,9.142857142857142
1457,GNR405,8.0
1458,GNR650,8.54054054054054
1459,GNR805,7.5
1460,GP 517,8.076923076923077
1461,GP 525,8.785714285714286
1462,GS 709,9.114285714285714
1463,GS 809,9.428571428571429
1464,GS 827,8.333333333333334
1465,GS 831,8.428571428571429
1466,GS 832,10.0
1467,GS 833,10.0
1468,GS 859,9.5
1469,HS 108,8.14568345323741
1470,HS 109,7.759425493716337
1471,HS 113,7.5
1472,HS 207,7.4411764705882355
1473,HS 443,6.482758620689655
1474,HS 467,6.96875
1475,HS 558,8.375
1476,HS 597,9.321428571428571
1477,HS 599,9.428571428571429
1478,HS 626,8.8125
1479,HS 635,5.538461538461538
1480,HS 642,8.545454545454545
1481,HS 647,7.875
1482,HS 650,7.5
1483,HS 651,7.7727272727272725
1484,HS 652,9.7
1485,HS 653,6.857142857142857
1486,HS 659,8.0
1487,HS 668,9.142857142857142
1488,HS 669,8.428571428571429
1489,HS 670,7.857142857142857
1490,HS 671,7.571428571428571
1491,HS 672,8.0
1492,HS 673,5.875
1493,HS 674,8.875
1494,HS 711,8.636363636363637
1495,HS 712,9.0
1496,HS 835,9.0
1497,HS 851,10.0
1498,HS 861,8.444444444444445
1499,HS 862,7.5
1500,HS 863,8.76923076923077
1501,DE 109,8.338610378188214
1502,DE 113,8.657142857142857
1503,DE 115,7.6
1504,DE 117,6.972222222222222
1505,DE 119,7.8
1506,DE 135,8.428571428571429
1507,DE 224,9.25
1508,DE 311,8.636363636363637
1509,DE 319,8.129032258064516
1510,DE 320,7.5
1511,DE 626,8.483333333333333
1512,DE 677,8.835714285714285
1513,DE 688,8.74
1514,DE 689,7.764705882352941
1515,DE 692,7.5
1516,DE 693,8.666666666666666
1517,DE 698,7.5
1518,DE 708,8.333333333333334
1519,DE 710,8.5
1520,DEP405,6.972222222222222
1521,IE 619,6.458333333333333
1522,IE 685,8.864864864864865
1523,IE 708,7.75
1524,MA 105,6.521033210332103
1525,MA 113,7.808510638297872
1526,MA 114,6.314814814814815
1527,MA5109,7.12
1528,MA5114,10.0
1529,MA5115,6.181818181818182
1530,MA 855,8.5
1531,MA 861,8.625
1532,SI 424,7.2312925170068025
1533,SI 429,6.528
1534,SI 431,7.533333333333333
1535,SI 537,8.06
1536,SI 543,8.0
1537,ME 103,7.901515151515151
1538,ME 223,6.866071428571429
1539,ME 338,7.139318885448916
1540,ME 346,6.9826224328594
1541,ME 350,8.384615384615385
1542,ME 423,7.19964664310954
1543,ME 438,9.571428571428571
1544,ME 441,8.229310344827587
1545,ME6116,7.8
1546,ME 621,6.666666666666667
1547,ME 721,8.434782608695652
1548,ME 724,8.461538461538462
1549,ME 751,7.071428571428571
1550,ME 758,9.384615384615385
1551,ME 774,7.875
1552,MS 101,8.566158386620758
1553,MGT806,9.074074074074074
1554,SOM101,7.7471958584987055
1555,SOM622,7.940217391304348
1556,SOM624,7.230769230769231
1557,SOM635,7.27906976744186
1558,SOM636,8.533333333333333
1559,SOM671,7.01123595505618
1560,SOM709,8.28125
1561,SOM710,8.289340101522843
1562,SOM793,8.0
1563,SOM794,9.5
1564,MM 202,9.5
1565,MM 219,6.866666666666666
1566,MM 221,9.396694214876034
1567,MM 223,6.700854700854701
1568,MM 225,6.626373626373627
1569,MM 301,5.161403508771929
1570,MM 319,6.909420289855072
1571,MM 451,6.466850828729282
1572,MM 477,8.0
1573,MM 611,9.0
1574,MM 699,8.381818181818181
1575,MM 723,8.346153846153847
1576,MM 747,8.15625
1577,MM 751,9.098765432098766
1578,PH 109,8.247787610619469
1579,PH 221,9.03225806451613
1580,PH 223,6.924242424242424
1581,PH 225,7.030769230769231
1582,PH 575,8.72972972972973
1583,PH 807,9.476190476190476
1584,PH 819,8.777777777777779
1585,PS 632,8.385964912280702
1586,PS 635,9.112903225806452
1587,PS 643,8.725
1588,PS 645,8.142857142857142
1589,SC 618,8.609756097560975
1590,SC 649,7.549019607843137
1591,SC 650,8.61111111111111
1592,SC 653,8.578947368421053
1593,AE 233,7.458333333333333
1594,AE 244,7.1506849315068495
1595,AE 246,9.554054054054054
1596,AE 248,6.784
1597,AE 624,6.673469387755102
1598,AE 658,5.636363636363637
1599,AE 700,6.375
1600,AE 710,5.545454545454546
1601,BB 411,8.0
1602,BB 520,7.782608695652174
1603,BB 522,7.887323943661972
1604,BB 524,6.366197183098592
1605,BB 526,8.253164556962025
1606,BB 528,7.537313432835821
1607,BB 536,8.666666666666666
1608,BB 592,9.290322580645162
1609,BB 606,8.444444444444445
1610,BB 615,9.25
1611,BB 625,8.27659574468085
1612,BB 628,7.723684210526316
1613,BB 648,8.895522388059701
1614,BB 657,9.428571428571429
1615,BB 668,9.0
1616,CE 234,5.141176470588236
1617,CE 236,5.707482993197279
1618,CE 238,6.084745762711864
1619,CE 242,9.604026845637584
1620,CE 244,6.2052980132450335
1621,CE 330,6.867605633802817
1622,CE 332,6.018691588785047
1623,CE 334,8.427586206896551
1624,CE 336,7.6753554502369665
1625,CE 338,7.992857142857143
1626,CE 632,8.15625
1627,CE 660,8.395348837209303
1628,CE 757,7.285714285714286
1629,CE 761,7.480769230769231
1630,CE 770,7.388888888888889
1631,CE 772,6.783783783783784
1632,CE 774,8.0
1633,CE 778,8.466666666666667
1634,CH 110,6.493333333333333
1635,CH 202,6.828571428571428
1636,CH 216,6.241379310344827
1637,CH 226,9.793103448275861
1638,CH 228,8.96774193548387
1639,CH 230,8.6
1640,CH 418,9.114551083591332
1641,CH 432,9.157407407407407
1642,CH 434,8.561728395061728
1643,CH 540,7.926315789473684
1644,CH 576,7.75
1645,CH 604,7.769230769230769
1646,CH 605,8.705882352941176
1647,CH 806,7.933962264150943
1648,CH 848,7.4
1649,CH 849,8.771084337349398
1650,CL 102,7.676567656765677
1651,CL 208,6.7622377622377625
1652,CL 210,7.088888888888889
1653,CL 232,8.013840830449826
1654,CL 242,7.6689655172413795
1655,CL 260,6.825
1656,CL 302,7.285223367697594
1657,CL 335,7.55535390199637
1658,CL 429,7.0
1659,CL 452,7.502392344497608
1660,CL 610,8.875
1661,CL 657,7.894736842105263
1662,CL 677,7.071428571428571
1663,CL 717,2.3230769230769233
1664,CL 726,7.142857142857143
1665,CM 503,7.5
1666,CM 504,9.0
1667,CM 611,7.625
1668,CM 801,7.899159663865547
1669,CS 104,6.934065934065934
1670,CS 208,6.801047120418848
1671,CS 217,7.129533678756476
1672,CS 219,7.25
1673,CS 236,7.38421052631579
1674,CS 240,6.994764397905759
1675,CS6004,6.220588235294118
1676,CS 603,7.2894736842105265
1677,CS 608,6.9411764705882355
1678,CS 613,7.875
1679,CS 735,9.4
1680,CS 738,5.0
1681,CS 745,8.39423076923077
1682,CS 754,7.8108108108108105
1683,CS 757,8.428571428571429
1684,CS 778,9.54054054054054
1685,CS 784,8.277777777777779
1686,CS 786,8.555555555555555
1687,DH 304,6.974489795918367
1688,DH 602,7.702970297029703
1689,DH 804,8.88888888888889
1690,DH 805,8.181818181818182
1691,EC 631,7.886363636363637
1692,EC 633,8.277777777777779
1693,EE 230,7.947969543147208
1694,EE 350,7.993079584775087
1695,EE 462,7.926229508196721
1696,EE 465,7.6521739130434785
1697,EE6104,7.580645161290323
1698,EE6106,7.704761904761905
1699,EE 615,8.627450980392156
1700,EE 656,7.795454545454546
1701,EE 686,8.0625
1702,EE 712,7.8389261744966445
1703,EE 724,6.865384615384615
1704,EE 734,7.816326530612245
1705,EE 747,8.6
1706,EE 755,8.11111111111111
1707,EE 761,8.714285714285714
1708,EE 767,8.03225806451613
1709,EE 774,8.612244897959183
1710,EE 779,7.285714285714286
1711,EE 801,8.933333333333334
1712,EN 220,6.980392156862745
1713,EN 222,6.4
1714,EN 224,7.7592592592592595
1715,EN 226,8.137254901960784
1716,EN 615,6.8478260869565215
1717,EN 630,7.9772727272727275
1718,EN 645,7.142857142857143
1719,EN 659,7.545454545454546
1720,ENT605,9.379310344827585
1721,ENT610,7.335365853658536
1722,ENT612,8.446808510638299
1723,ENT613,6.604166666666667
1724,ES 458,7.333333333333333
1725,ES 642,7.556818181818182
1726,ES 654,7.2
1727,ES 658,6.641304347826087
1728,ES 676,7.817204301075269
1729,ET 623,9.279411764705882
1730,ETS801,9.6
1731,GNR410,8.333333333333334
1732,GNR649,8.6893039049236
1733,GP 422,9.17142857142857
1734,GS 450,9.46896551724138
1735,GS 542,8.153846153846153
1736,GS 545,8.692307692307692
1737,GS 682,8.461538461538462
1738,GS 707,9.25
1739,GS 710,9.266666666666667
1740,GS 814,9.0
1741,HS 110,7.425287356321839
1742,HS 112,7.77710843373494
1743,HS4110,6.4
1744,HS 431,6.602941176470588
1745,HS 465,8.03125
1746,HS 551,8.5
1747,HS 554,8.166666666666666
1748,HS 598,9.11111111111111
1749,HS 621,8.03305785123967
1750,HS 643,7.7727272727272725
1751,HS 654,9.0
1752,HS 660,7.0
1753,HS 661,9.416666666666666
1754,HS 662,8.722222222222221
1755,HS 666,8.181818181818182
1756,HS 710,6.973684210526316
1757,HS 805,8.291666666666666
1758,HS 818,9.0
1759,HS 828,8.6
1760,HS 852,9.0
1761,HS 856,8.8
1762,HS 864,7.0
1763,DE 110,7.659574468085107
1764,DE 112,8.971428571428572
1765,DE 114,8.75
1766,DE 116,8.085714285714285
1767,DE 129,8.1
1768,DE 136,8.285714285714286
1769,DE 212,7.2631578947368425
1770,DE 214,6.814814814814815
1771,DE 216,7.3283582089552235
1772,DE 250,9.231235784685367
1773,DE 312,7.571428571428571
1774,DE 314,8.037037037037036
1775,DE 318,8.236842105263158
1776,DE 321,6.933333333333334
1777,DE 323,8.857142857142858
1778,DE 324,8.421052631578947
1779,DE 632,8.82857142857143
1780,DE 686,7.0
1781,DE 712,8.9375
1782,DE 725,8.68421052631579
1783,DEP408,8.3125
1784,DEP410,8.0
1785,IE 504,6.6347826086956525
1786,IE 506,5.601809954751131
1787,IE 607,8.090909090909092
1788,IE 612,7.891472868217054
1789,IE 620,6.714285714285714
1790,IE 709,7.148514851485149
1791,IE 710,7.797297297297297
1792,IES802,8.333333333333334
1793,MA 110,6.331293037490436
1794,MA 504,6.8
1795,MA 510,6.25
1796,MA5104,7.4
1797,MA5110,6.2727272727272725
1798,MA5116,9.333333333333334
1799,MA 562,8.5
1800,MA 818,9.571428571428571
1801,MA 842,10.0
1802,MA 846,6.4
1803,MA 852,9.0
1804,SI 426,7.180451127819549
1805,SI 539,10.0
1806,SI 541,7.391891891891892
1807,SI 546,7.5
1808,ME 104,7.761306532663316
1809,ME 226,6.750528541226216
1810,ME 228,7.422907488986784
1811,ME 230,7.184684684684685
1812,ME 306,7.280898876404494
1813,ME 310,8.707440100882724
1814,ME 312,8.116591928251122
1815,ME 316,7.0889423076923075
1816,ME 370,8.632558139534884
1817,ME 420,7.5
1818,ME6103,9.0
1819,ME6106,6.947368421052632
1820,ME6114,7.9144542772861355
1821,ME6118,7.333333333333333
1822,ME 639,8.533333333333333
1823,ME 678,8.25
1824,ME 730,6.809523809523809
1825,ME 762,8.13953488372093
1826,ME 768,8.148148148148149
1827,ME 779,7.253333333333333
1828,ME 790,8.631578947368421
1829,ME 800,8.076923076923077
1830,ME 802,8.147058823529411
1831,IWE710,8.37037037037037
1832,IWE712,8.379746835443038
1833,IWE715,8.21951219512195
1834,IWE720,8.425
1835,SOM649,8.338235294117647
1836,SOM660,6.944444444444445
1837,SOM686,6.967213114754099
1838,SOM707,8.125
1839,SOM717,7.846153846153846
1840,SOM720,8.142857142857142
1841,SOM722,8.38135593220339
1842,SOM723,8.59375
1843,SOM724,7.157894736842105
1844,SOM725,8.682539682539682
1845,MM 105,6.272058823529412
1846,MM 210,7.033333333333333
1847,MM 218,7.327586206896552
1848,MM 222,7.258620689655173
1849,MM 224,8.88695652173913
1850,MM 226,9.08695652173913
1851,MM 312,8.00369003690037
1852,MM 318,7.132616487455197
1853,MM 426,8.689243027888446
1854,MM 448,8.404494382022472
1855,MM 462,7.574803149606299
1856,MM6004,10.0
1857,MM 642,9.048387096774194
1858,MM 658,8.363636363636363
1859,MM 685,8.551724137931034
1860,MM 750,8.185185185185185
1861,MM 754,8.066666666666666
1862,MM 756,10.0
1863,MM 801,9.333333333333334
1864,PH 110,7.434977578475336
1865,PH 216,6.612903225806452
1866,PH 222,8.761904761904763
1867,PH 307,7.721311475409836
1868,PH 309,6.833333333333333
1869,PH 554,7.314285714285714
1870,PH 564,7.733333333333333
1871,PH 570,8.0
1872,PH 574,6.288659793814433
1873,PH 576,8.347826086956522
1874,PH 578,8.112068965517242
1875,PH 601,7.470588235294118
1876,PS 619,8.380952380952381
1877,PS 633,7.969072164948454
1878,PS 634,8.133333333333333
1879,PS 636,8.194029850746269
1880,PS 637,8.633333333333333
1881,PS 640,8.666666666666666
1882,PS 641,8.055555555555555
1883,PS 642,8.608695652173912
1884,PS 644,9.5
1885,PS 701,7.818181818181818
1886,SC 624,8.173913043478262
1887,SC 627,7.722222222222222
1888,SC 641,9.444444444444445
1889,SC 646,8.294117647058822
1890,SC 651,8.851063829787234
1891,SC 654,4.708333333333333
1892,SC 702,8.75
1893,BB 509,7.481481481481482
1894,BB 511,8.244444444444444
1895,BB 515,9.090909090909092
1896,BB 555,8.822222222222223
1897,BB 557,9.34
1898,BB 604,8.8
1899,BB 639,9.58695652173913
1900,BB 645,8.710526315789474
1901,BB 661,8.7
1902,BB 705,8.181818181818182
1903,CE 221,6.089403973509934
1904,CH 109,8.146341463414634
1905,CH 206,9.686046511627907
1906,CH 808,8.642857142857142
1907,CH 847,7.8
1908,CL 101,8.329113924050633
1909,CL 689,6.833333333333333
1910,CM 802,5.733333333333333
1911,CS 103,8.74712643678161
1912,CS 449,9.125
1913,CS 761,7.2
1914,CS 773,8.279069767441861
1915,CS 780,7.925925925925926
1916,EE6103,8.266666666666667
1917,EE 677,8.821917808219178
1918,EE 714,7.428571428571429
1919,EE 749,8.083333333333334
1920,EN 101,7.553191489361702
1921,EN 205,8.776699029126213
1922,GNR409,9.0
1923,GS 813,8.0
1924,HS 102,8.4
1925,HS 307,7.440944881889764
1926,HS4103,7.3478260869565215
1927,HS 441,7.065217391304348
1928,HS 468,7.533333333333333
1929,HS 476,8.0
1930,HS 498,7.9
1931,HS 562,8.666666666666666
1932,HS 639,7.269230769230769
1933,HS 645,6.866666666666666
1934,HS 646,7.294117647058823
1935,HS 648,6.333333333333333
1936,HS 665,7.181818181818182
1937,HS 806,8.9375
1938,HS 814,7.5
1939,HS 816,8.5
1940,HS 858,8.6
1941,DE 127,7.25
1942,DE 401,6.5
1943,IE 618,7.571428571428571
1944,LE 104,7.818181818181818
1945,SI 427,7.0583941605839415
1946,ME 645,8.6
1947,ME 734,9.5
1948,ME 757,9.833333333333334
1949,ME 767,9.0
1950,ME 775,9.5
1951,SOM631,8.244444444444444
1952,SOM742,7.857142857142857
1953,MM 103,7.211267605633803
1954,MM 215,8.0
1955,MM 362,7.564245810055866
1956,MM 755,8.666666666666666
1957,PH 817,9.666666666666666
1958,PH 821,8.4
1959,PS 639,8.545454545454545
1960,SC 621,9.333333333333334
1961,TD 638,8.216216216216216
1962,US 612,9.0
1963,AE6102,7.473684210526316
1964,AE 647,9.125
1965,AE 664,8.6
1966,AE 670,5.25
1967,AE 718,9.25
1968,BB 400,7.421052631578948
1969,CE 216,9.063291139240507
1970,CE 222,6.0
1971,CE 648,7.473684210526316
1972,CE 716,7.585365853658536
1973,CH 215,9.720588235294118
1974,CH 218,8.693181818181818
1975,CL 152,7.365714285714286
1976,CL 308,8.8
1977,CL 656,7.5
1978,CL 713,6.977011494252873
1979,CM 501,10.0
1980,CS6002,8.916666666666666
1981,CS 759,5.666666666666667
1982,CS 775,8.818181818181818
1983,DH 308,7.296875
1984,EE 352,8.103896103896103
1985,EE6604,8.090909090909092
1986,EE 710,7.8
1987,EE 751,7.916666666666667
1988,EN 102,7.085106382978723
1989,ES 684,9.5
1990,GS 816,9.75
1991,HS 111,6.888
1992,HS 312,8.25
1993,HS 314,7.714285714285714
1994,HS4108,7.518518518518518
1995,HS4112,8.1
1996,HS4114,8.318181818181818
1997,HS 417,7.620689655172414
1998,HS 472,7.552083333333333
1999,HS 490,7.241379310344827
2000,HS 556,8.526315789473685
2001,HS 649,8.5
2002,HS 656,9.5
2003,HS 657,9.666666666666666
2004,HS 658,8.833333333333334
2005,HS 813,8.333333333333334
2006,DE 410,8.488888888888889
2007,DE 664,7.916666666666667
2008,DE 670,8.1
2009,IE 686,8.818181818181818
2010,IE 806,8.5
2011,MA 106,6.428467683369644
2012,ME 308,8.213942307692307
2013,ME 340,7.0
2014,ME6112,6.2
2015,ME 679,9.0
2016,ME 756,7.514285714285714
2017,ME 770,8.476190476190476
2018,IWE704,8.435897435897436
2019,IWE707,8.307692307692308
2020,IWE719,8.465116279069768
2021,IWE721,8.372093023255815
2022,IWE722,9.209302325581396
2023,IWE723,8.372093023255815
2024,SOM629,7.682926829268292
2025,SOM658,7.902439024390244
2026,SOM659,8.311111111111112
2027,SOM803,8.333333333333334
2028,SOM804,8.0
2029,MM 104,6.18
2030,MM 325,6.359375
2031,MM6101,8.6
2032,MM 668,7.764705882352941
2033,PH 111,7.597003745318352
2034,PH 112,7.152430044182622
2035,PH 113,8.563636363636364
2036,PH 114,8.363636363636363
2037,SC 644,8.272727272727273
2038,SC 652,8.857142857142858
2039,AE 617,8.0
2040,AE 639,7.846153846153846
2041,BB 413,8.409090909090908
2042,BB 415,7.194444444444445
2043,BB 417,7.2
2044,BB 419,8.15625
2045,BB 423,8.566666666666666
2046,BB 425,8.0625
2047,BB 453,8.28125
2048,BB 455,8.96875
2049,BB 457,7.355555555555555
2050,BB 600,8.117647058823529
2051,BB 649,9.555555555555555
2052,CE 490,7.3
2053,CE 657,8.307692307692308
2054,CH 805,9.242424242424242
2055,CH 807,9.1
2056,CH 821,8.612244897959183
2057,CL 323,7.875
2058,CL 356,6.193548387096774
2059,CL 653,7.0
2060,CL 681,8.0
2061,CS 616,9.5
2062,CS 689,8.083333333333334
2063,CS 711,9.4
2064,CS 713,6.571428571428571
2065,EE 321,4.565217391304348
2066,EE 649,8.857142857142858
2067,EE 687,7.538461538461538
2068,EE 725,8.5
2069,EE 740,9.555555555555555
2070,EE 757,9.666666666666666
2071,EE 765,7.2592592592592595
2072,EE 785,7.2727272727272725
2073,ET 617,9.375
2074,GS 666,10.0
2075,GS 703,9.466666666666667
2076,HS 450,7.0
2077,HS 489,8.11111111111111
2078,HS 601,8.4
2079,HS 603,7.434782608695652
2080,HS 605,8.5
2081,HS 615,8.192307692307692
2082,IE 695,9.666666666666666
2083,IE 718,8.5
2084,IE 803,8.833333333333334
2085,IE 804,9.333333333333334
2086,MA 207,6.758358662613982
2087,MA5105,7.714285714285714
2088,MA 556,9.875
2089,MA 849,9.0
2090,MA 854,10.0
2091,SI 418,9.882352941176471
2092,SI 528,7.878787878787879
2093,ME 618,10.0
2094,ME 664,9.0
2095,ME 699,6.666666666666667
2096,MGT808,6.857142857142857
2097,SOM673,7.857142857142857
2098,SOM676,7.538461538461538
2099,SOM801,8.833333333333334
2100,MM 327,7.558333333333334
2101,MM 678,8.5
2102,MM 720,6.571428571428571
2103,PH 107,7.3274596182085165
2104,PH 555,9.5
2105,SC 601,5.966666666666667
2106,SC 640,8.0
2107,SC 643,8.357142857142858
2108,SC 648,10.0
2109,SC 701,9.0
2110,AE 102,7.3522727272727275
2111,AE 660,6.923076923076923
2112,AE 666,9.375
2113,AE 771,8.444444444444445
2114,BB 404,8.11111111111111
2115,BB 406,8.117647058823529
2116,BB 408,9.54054054054054
2117,BB 410,7.482758620689655
2118,BB 414,9.793103448275861
2119,BB 416,8.78125
2120,BB 456,8.89655172413793
2121,BB 458,9.310344827586206
2122,BB 614,8.777777777777779
2123,BB 626,6.8
2124,BB 634,9.636363636363637
2125,BB 652,10.0
2126,BB 656,8.5
2127,BB 806,8.0
2128,CE 776,8.491525423728813
2129,CH 510,8.76
2130,CH 552,9.662162162162161
2131,CL 465,9.0
2132,CL 620,6.75
2133,CL 651,6.9375
2134,CL 669,7.9
2135,CL 715,4.666666666666667
2136,CL 720,9.666666666666666
2137,CS 408,6.428571428571429
2138,CS 467,6.0
2139,CS 743,6.089743589743589
2140,CS 762,8.891891891891891
2141,CS 764,8.517241379310345
2142,EE 112,7.130434782608695
2143,EE 432,8.0
2144,EE 614,8.380165289256198
2145,EE 625,8.5
2146,EE 750,9.0
2147,EN 648,6.666666666666667
2148,ES 102,7.9772727272727275
2149,ES 656,7.666666666666667
2150,ESS802,9.0
2151,ET 607,8.9375
2152,HS 457,4.0
2153,HS 491,6.24
2154,HS 564,7.0
2155,HS 602,7.0
2156,HS 606,8.470588235294118
2157,HS 815,9.0
2158,HS 846,9.5
2159,DE 402,7.791666666666667
2160,DE 408,6.666666666666667
2161,DE 668,8.89655172413793
2162,IE 617,8.3
2163,IE 683,8.166666666666666
2164,MA 107,6.318181818181818
2165,MA 581,6.916666666666667
2166,MA 850,9.5
2167,ME 220,7.089655172413793
2168,ME 637,7.875
2169,ME 743,5.0
2170,ME 763,5.333333333333333
2171,ME 776,7.5
2172,ME 777,6.0
2173,ME 795,8.333333333333334
2174,ME 899,10.0
2175,SOM630,8.0
2176,SOM708,8.283582089552239
2177,SOM713,7.590909090909091
2178,MM 742,8.277777777777779
2179,PH 108,7.070266272189349
2180,PH 352,8.0
2181,PH 353,10.0
2182,PS 604,6.6
2183,PS 628,9.666666666666666
