,Course Code,F-avg,nXX
0,AE 152,2.121302926336554,1
1,AE 153,1.78552675991023,1
3,AE 223,2.3952123784230355,2
4,AE 225,1.946052099792203,2
5,AE 227,2.6028188543678916,2
6,AE 308,3.488139446218877,3
7,AE 326,1.953503351474886,3
8,AE 330,1.925951622014786,3
9,AE 333,2.453493878817503,3
10,AE 407,1.3552503940981868,4
11,AE 410,2.4167518397318544,4
13,AE 484,2.152807533515144,4
15,AE 616,4.17960958851329,6
16,AE 641,1.8417821199556426,6
17,AE 651,2.9993482641806537,6
18,AE 673,3.1493965299091236,6
19,AE 682,1.3357464220355986,6
21,AE 695,2.756918787271933,6
22,AE 705,4.010015969095789,7
23,AE 707,2.2987770939571712,7
24,AE 708,1.647206449018549,7
25,AE 709,0.8327510498516607,7
26,AE 711,1.0656626139641707,7
27,AE 715,1.2108862187401475,7
28,AE 720,1.065442419342647,7
29,AE 726,2.316238137684234,7
30,AE 775,3.078371620894228,7
31,AE 780,2.4343246046622267,7
32,AE 305,3.307170115994151,3
33,AE 312,5.012711662661911,3
35,AE 656,1.0972963517676362,6
37,BB 421,6.036726122141024,4
38,BB 553,5.367509527715449,5
39,BB 603,5.944366505633147,6
40,BB 619,4.6612686830822,6
41,BB 627,2.4840845252918915,6
42,BB 633,2.4355727764931383,6
43,BB 663,4.627676373994192,6
44,BB 665,4.472247365236362,6
45,BB 673,1.7440337476928853,6
46,BB 679,3.9384567685886753,6
47,BB 701,4.26364853033802,7
48,BBS801,5.842893720134593,8
49,BB 412,5.48847576980925,4
50,BB 503,3.2185373363253515,5
51,BB 694,7.442614497847184,6
52,CE 223,2.72369268590473,2
55,CE 324,3.239381018131076,3
56,CE 329,5.1625275405029685,3
57,CE 403,3.2989578007224822,4
58,CE 463,2.743938907017174,4
59,CE 482,2.449780753103051,4
60,CE 484,3.0868566020068506,4
61,CE 494,6.399739483970751,4
62,CE 603,4.158713970028949,6
63,CE 605,3.864461706752138,6
65,CE 616,3.0617470216982743,6
66,CE 623,4.220174501174295,6
67,CE 626,4.514497322539767,6
68,CE 627,4.545389755858862,6
69,CE 630,3.618101415165006,6
70,CE 641,2.561778848039071,6
71,CE 643,2.492644318648997,6
72,CE 653,1.972962330452631,6
73,CE 675,3.7574911752949176,6
74,CE 680,2.175013247513984,6
75,CE 681,5.720462663419881,6
76,CE 701,1.3602806227191007,7
77,CE 703,1.9827777881639836,7
78,CE 705,1.3805000351105805,7
79,CE 712,3.3461392206923937,7
80,CE 713,2.3913218286391755,7
81,CE 717,3.85855789958218,7
82,CE 720,1.4665795621389226,7
83,CE 727,1.8206396781211842,7
84,CE 729,2.517318375734864,7
85,CE 731,1.9767417124253501,7
86,CE 740,3.8293189678283874,7
87,CE 742,3.900272299440366,7
88,CE 751,4.751592062487737,7
89,CE 764,1.7802078828009087,7
90,CE 766,3.1560658391526593,7
91,CE 768,2.536311901925133,7
92,CE 769,2.2328646306977933,7
93,CE 771,4.434313100291829,7
94,CE 781,1.4682225065084782,7
95,CE 782,1.7951653953754625,7
96,CES801,6.586574717105241,8
97,CH 105,2.1118505912300782,1
98,CH 107,3.2682566933405592,1
99,CH 223,2.4839220919332448,2
100,CH 225,2.858925657175108,2
101,CH 227,1.1888107916492838,2
102,CH 229,3.1964623683235494,2
103,CH 397,2.1468708632026576,3
104,CH 401,2.891616696734416,4
105,CH 403,3.5900456350167125,4
106,CH 405,2.6369900484213775,4
107,CH 425,4.209310481044904,4
108,CH 507,5.4570833795615465,5
109,CH 521,4.690309508325711,5
110,CH 546,3.771139844373116,5
111,CH 547,5.447504380540584,5
112,CH 584,3.9093703337841412,5
113,CH 591,3.7823837286822006,5
114,CH 593,8.677609194209861,5
115,CH 595,3.1011299194152144,5
116,CH 827,4.615246749520621,8
117,CHS801,6.439082003836732,8
118,CH 398,3.1076599170743577,3
119,CH 404,3.653045733403431,4
120,CH 406,3.556614109653098,4
121,CH 410,4.7730469989543085,4
122,CH 588,4.486776303004178,5
123,CH 801,6.279709007600517,8
124,CL 203,1.6661637156865476,2
125,CL 244,0.8445071115403545,2
126,CL 249,2.4311749849741653,2
127,CL 255,1.1596022523403289,2
128,CL 336,1.5073492755434295,3
129,CL 405,1.8589963812664962,4
130,CL 409,1.4374871741577562,4
131,CL 419,2.5867912386083276,4
132,CL 443,7.678430537467738,4
133,CL 444,3.0407652167107933,4
134,CL 455,2.966400807105721,4
135,CL 491,2.07463046772935,4
136,CL 601,2.1983243281660365,6
137,CL 602,3.4553226049772308,6
138,CL 605,2.5655972802954348,6
139,CL 665,3.2957301430422334,6
140,CL 684,2.1159005984068027,6
141,CL 701,1.727293158935165,7
142,CLS801,4.607889756319337,8
145,CL 706,2.160041869187557,7
146,CL 708,2.234023367651649,7
147,CM 803,3.5316997508227694,8
148,CMS801,2.285858492071641,8
149,CS 101,3.103468472293587,1
150,CS 207,1.8225689676338475,2
151,CS 213,1.8251715069391143,2
152,CS 215,2.6010480542424625,2
153,CS 218,3.1412484000321257,2
154,CS 224,2.673471136594293,2
155,CS 228,2.0452090706291512,2
156,CS 251,5.897923730714023,2
157,CS 293,5.209946942848435,2
159,CS 333,5.2177544092505945,3
160,CS 335,6.146669821603993,3
161,CS 337,4.354640448664407,3
163,CS 347,3.069793819692214,3
164,CS 396,3.5460234866735485,3
165,CS 433,1.9321142336772141,4
166,CS 475,1.8013335043613596,4
167,CS 485,7.149375945929099,4
168,CS 490,7.646613680548554,4
169,CS 492,6.517065807799096,4
170,CS 601,3.035781784452371,6
171,CS 604,2.3326620710222374,6
172,CS 618,3.1218997440672487,6
173,CS 626,3.2561114396531985,6
174,CS 631,2.6645548633239264,6
175,CS 635,5.348980358446456,6
176,CS 675,1.1452253312930176,6
177,CS 683,6.913827363040471,6
178,CS 691,6.7152663190752815,6
179,CS 694,6.132197152780771,6
180,CS 699,3.13597122898369,6
181,CS 725,2.4765002847213724,7
182,CS 744,2.979277505943817,7
183,CS 747,3.328489661707372,7
184,CS 770,2.263474633474721,7
185,CS 771,2.564340158971955,7
186,CSS801,3.474277242101487,8
187,CS 765,5.3913001778533,7
188,CS 767,2.45812857445831,7
189,DS 203,3.6845534149662216,2
190,EE 101,2.920500370949811,1
192,EE 204,2.5591959530329422,2
193,EE 207,2.3164944428572363,2
194,EE 224,4.190854337478804,2
195,EE 229,1.9887458854532403,2
196,EE 301,1.7493776484173946,3
197,EE 451,7.9610381155019985,4
198,EE 491,6.875069122691095,4
199,EE 601,3.4797356997256776,6
200,EE 603,3.3323088401855356,6
201,EE 609,5.286573232671269,6
202,EE 611,3.8723813632229005,6
203,EE 617,3.7658551257610795,6
204,EE 618,3.481232868475046,6
205,EE 635,2.727505039843503,6
206,EE 640,2.2357119680350777,6
207,EE 653,3.428499819823838,6
208,EE 655,2.011867970737651,6
209,EE 657,3.5568176988546094,6
210,EE 659,2.340093759404945,6
211,EE 660,1.7908358429863191,6
212,EE 669,2.2639256049065195,6
213,EE 671,3.2536422453360183,6
214,EE 675,3.6361828489838706,6
215,EE 679,3.6443119448109167,6
216,EE 691,9.350982353598479,6
217,EE 694,7.6639760134564465,6
218,EE 703,2.1944235763106295,7
219,EE 720,3.517861287946277,7
220,EE 721,5.284220178697743,7
221,EE 723,3.9754628997606187,7
222,EE 733,2.784271607632558,7
223,EE 748,4.791821982635716,7
224,EE 759,2.4700465528048046,7
225,EE 781,4.072223146049817,7
227,EE 788,2.8572231629358944,7
228,EE 789,5.866884011482607,7
229,EES801,7.516442374268912,8
230,EE 309,4.305566672670411,3
231,EE 338,3.4664198239755573,3
233,EE 602,3.4318966952641863,6
234,EE 613,3.125374129910061,6
235,EN 203,3.120415522668558,2
236,EN 207,3.059363989189426,2
237,EN 209,1.9593623829660929,2
238,EN 211,2.714425091471484,2
239,EN 301,2.8921222292976534,3
240,EN 309,7.380960134167064,3
241,EN 313,2.135832998818542,3
242,EN 315,2.4468225418626486,3
243,EN 317,2.770743715150444,3
244,EN 401,2.84710315395986,4
245,EN 406,4.148358591237583,4
246,EN 407,2.1602511545137473,4
247,EN 409,1.700816718778602,4
248,EN 411,2.2830432665754965,4
249,EN 413,2.9114763219887716,4
250,EN 601,3.2413727879718683,6
251,EN 602,2.1727087417641706,6
252,EN 606,2.2794098292285336,6
253,EN 613,1.8858151586903789,6
254,EN 618,3.3388195292283283,6
255,EN 639,1.0645548440994,6
258,EN 703,1.4129093263129864,7
259,ENS801,4.661192917714307,8
261,EN 321,0.6846083582266662,3
262,ENT603,5.726249627951729,6
263,ENT606,5.175519647631242,6
264,ES 200,3.8593871878164654,2
265,ES 201,2.1849174533929627,2
266,ES 202,3.2031216295204974,2
267,ES 203,1.7126795682933877,2
268,ES 209,4.005668583575316,2
269,ES 296,0.8619148053461082,2
270,ES 301,4.550274127566401,3
272,ES 307,3.884223921611408,3
273,ES 315,2.9696653029933193,3
274,ES 317,4.9548510735199915,3
275,ES 319,3.1575903946939636,3
276,ES 321,3.585376023588379,3
277,ES 401,1.9209269092528267,4
278,ES 631,4.432459886922241,6
279,ES 633,5.632367842189652,6
280,ES 635,4.318663370461096,6
281,ES 637,5.221017213301837,6
282,ES 639,2.622542873395138,6
283,ES 645,4.510039266421314,6
284,ES 647,6.054795927831965,6
285,ES 649,3.8069506854665893,6
286,ES 653,7.186279038159401,6
287,ES 655,5.093601542460789,6
288,ES 657,1.0963665249934018,6
289,ES 659,1.2878837368744265,6
290,ES 694,4.582238718627591,6
291,ESS801,3.9740986781749976,8
292,ES 208,1.6838787043333492,2
293,ES 302,3.896093489322823,3
294,ES 493,1.4185841839097104,4
295,ES 495,0.9056998735047951,4
296,ES 670,4.566258163838169,6
297,ES 682,2.351802053702474,6
298,ET 601,6.081166042663819,6
299,ET 610,4.463891528530802,6
300,ET 612,5.65419387525647,6
301,ET 613,6.774785349182472,6
303,ET 619,3.615748666124503,6
304,GNR401,2.3952204346942394,4
305,GNR603,4.211653269990541,6
306,GNR605,5.113486055680184,6
307,GNR607,3.4212646975092977,6
308,GNR619,3.6551397668307155,6
309,GNR621,5.0267342179744565,6
310,GNR623,2.3910607691853447,6
311,GNR627,5.26873901499078,6
312,GNR638,5.306813657179135,6
313,GNR653,2.1310098140864424,6
314,GNRS01,1.6329294759390487,0
315,GP 401,5.472513972652706,4
316,GP 403,2.290524940353613,4
317,GP 407,5.3747190040568125,4
318,GP 413,3.804027215484475,4
319,GP 503,0.43298153283337504,5
320,GP 505,0.4525539866337033,5
321,GP 519,4.7804146585053235,5
322,GP 521,5.207997851291713,5
323,GS 407,7.219003988848466,4
324,GS 415,6.264477827848435,4
325,GS 421,4.93619515556951,4
326,GS 435,7.693521735216466,4
327,GS 507,4.188398208303648,5
328,GS 517,3.6051430349579796,5
329,GS 527,4.917420362051447,5
330,GS 535,5.276079470142996,5
331,GS 537,4.006594587858521,5
332,GS 539,7.688615523964742,5
333,GS 543,4.80632725144759,5
334,GS 647,1.8285712738010298,6
335,GS 649,5.421935243159994,6
336,GS 663,2.6540262037565485,6
337,GS 671,4.019934657020569,6
338,GS 673,3.0695942490399664,6
339,GS 675,4.403134722549063,6
340,GS 679,2.5138468893763424,6
341,GS 683,3.1208403933287583,6
342,GS 688,4.470413061842499,6
344,GS 691,3.813812713158415,6
345,GS 694,5.887626942561917,6
346,GS 701,2.1370677370659683,7
347,GS 815,2.0636389393518986,8
349,EC 101,3.182161051415332,1
350,HS 200,2.91400269601957,2
351,EC 221,2.7853898137039104,2
352,EC 223,3.5189766929014183,2
353,EC 225,1.8095302946643648,2
354,EC 227,2.7956825086227814,2
355,HS 301,2.2824463004073525,3
356,HS 303,3.2869949296458474,3
357,HS 305,3.216733626186495,3
358,EC 306,2.7652406833481025,3
359,EC 308,2.9463222114303735,3
360,EC 311,3.255812471169002,3
361,EC 313,2.680539967249566,3
362,EC 315,3.134891841183319,3
363,EC 402,2.9730061926837044,4
364,HS 412,3.1153454595439296,4
365,HS 418,3.1811424000053266,4
367,HS 436,4.10030134624233,4
368,EC 495,2.9975822016977136,4
369,HS 501,3.1222496605473955,5
370,HS 503,2.06656412138333,5
371,HS 505,1.705831938259254,5
372,HS 636,1.4004899044368229,6
373,HS 637,2.3633127808484957,6
374,HS 694,3.5407796433021446,6
375,HS 800,4.0980487265487024,8
376,EC 802,1.6916427453872525,8
377,HS 807,4.066866968448944,8
378,HS 811,2.4806641197508887,8
379,HS 842,2.3464430537242804,8
380,ECS801,6.137082838250052,8
381,HS 449,2.768443580123378,4
382,HS 640,0.7626870046525568,6
383,HS 804,2.120646864728058,8
384,DE 101,4.368204714158455,1
385,DE 103,6.110694033660694,1
386,DE 105,4.309791217495643,1
387,DE 121,4.215509624613903,1
388,DE 123,0.21974322033095958,1
389,DE 125,1.7317809943012628,1
390,DE 131,5.208999665258323,1
391,DE 133,7.138605058572472,1
392,DE 201,4.252976647712022,2
393,DE 203,3.865259871751312,2
394,DE 205,4.596418112689871,2
395,DE 207,1.8402477223724287,2
396,DE 209,0.9959912217300577,2
397,DE 221,3.5289739204214903,2
398,DE 231,1.8826327788596064,2
399,DE 302,1.852804062224026,3
400,DE 303,2.7951699837623054,3
401,DE 305,1.8490768485120708,3
402,DE 307,2.6068694363514893,3
403,DE 309,3.876809246705331,3
404,DE 315,3.746516564640274,3
405,DE 331,6.8194530305750245,3
406,DE 403,2.34355511617739,4
407,DE 405,1.7931789317741422,4
408,DE 431,7.426240782516639,4
409,DE 601,3.8973939650443605,6
410,DE 603,6.382706497159624,6
411,DE 605,6.106521932706064,6
412,DE 607,6.052045466647839,6
413,DE 609,5.854595445447763,6
414,DE 610,4.142730377733856,6
415,DE 611,4.284412431508971,6
416,DE 613,5.312272256107789,6
417,DE 615,5.475693985062894,6
418,DE 617,6.975754287033169,6
419,DE 619,4.016493871449634,6
420,DE 621,3.5437605267053227,6
421,DE 623,6.643055159110417,6
422,DE 625,5.5930224549085255,6
423,DE 627,2.061311989611264,6
424,DE 629,4.636945385808849,6
425,DE 631,3.589547638332536,6
426,DE 633,3.74137382689159,6
427,DE 635,5.2238121657096785,6
428,DE 637,1.7609317159521989,6
429,DE 639,2.7491692732457955,6
430,DE 641,6.062066608535329,6
431,DE 643,1.9973167995849992,6
432,DE 645,2.6779834109088987,6
433,DE 647,3.284202830226948,6
434,DE 649,3.526380618194543,6
435,DE 651,4.153886184119533,6
436,DE 653,3.89369339826584,6
437,DE 655,4.001777790694028,6
438,DE 657,1.6206676497492616,6
439,DE 659,2.335785069583429,6
440,DE 661,3.1927294210357373,6
441,DE 663,4.934912115963385,6
442,DE 665,2.5811558353901245,6
443,DE 669,8.410512874638423,6
444,DE 673,3.13078428645015,6
445,DE 675,2.1509381756224024,6
447,DE 679,4.667563604678855,6
448,DE 701,2.643804738088825,7
449,DE 702,1.845192073105025,7
450,DE 705,3.0372865078589184,7
451,DE 707,3.1977173770494716,7
452,DE 709,2.352987385340545,7
453,DE 711,4.072456579767429,7
454,DE 713,2.5188701593848455,7
455,DE 715,2.6474763915375865,7
456,DE 721,2.709541868954261,7
457,DE 801,1.2373589516258623,8
458,DE 803,2.339326854690325,8
460,DEP301,6.792383723778742,3
461,DEP304,4.161883255113017,3
462,DEP501,1.8110809883921661,5
463,DEP701,5.495660555904692,7
464,DEP702,3.252162679659579,7
465,DEP703,4.361697747012479,7
466,DEP403,3.5262789987434386,4
467,IE 501,3.7338370251439494,5
468,IE 503,3.0119493730712508,5
469,IE 507,6.234401880194173,5
470,IE 509,4.194411974118885,5
471,IE 605,2.907154811509471,6
472,IE 609,2.3054354187422033,6
473,IE 621,1.6107023811554466,6
474,IE 643,1.1981756196812878,6
475,IE 688,2.1157547718527825,6
476,IE 802,3.4365333016003365,8
477,IES801,2.16776351046254,8
478,MA 108,0.6615321329622205,1
479,MA 109,1.4488600061148915,1
480,MA 111,1.828069703798774,1
481,MA 205,2.5276032827990638,2
482,MA 401,2.664720110684109,4
483,MA 403,1.7959184991470654,4
484,MA 417,2.2400958294604463,4
485,MA 419,3.098946856079455,4
486,MA 503,1.5730856761287524,5
487,MA5101,1.2389967070451562,5
488,MA5102,1.7117495670661693,5
489,MA 515,3.1080354271408845,5
490,MA 521,1.186472866810453,5
491,MA 523,1.9741904866755502,5
492,MA 538,2.522355607491011,5
493,MA 811,1.8127714972259756,8
494,MA 813,2.5461157201698503,8
495,MA 815,1.7517225874519577,8
496,MA 817,2.3621754040467677,8
497,MA 833,3.1160473855877897,8
498,MA 863,1.8310836448143877,8
500,SI 419,2.708711788228205,4
501,SI 423,2.352615715515283,4
502,SI 503,6.0890918729577495,5
503,SI 505,5.745906094004475,5
504,SI 507,1.8466038359458392,5
505,SI 515,1.3474520164017925,5
507,ME 119,7.005271360893125,1
508,ME 201,2.5186176853756597,2
509,ME 209,2.6895141505842117,2
510,ME 219,3.274738503870417,2
511,ME 221,2.82367985021431,2
512,ME 311,2.5649417924150866,3
513,ME 409,3.0727690192219965,4
514,ME 415,3.3884282186372046,4
515,ME 477,2.3962986012056984,4
517,ME 601,1.3512653816687874,6
518,ME 603,3.7971635441447416,6
519,ME6101,3.00911604198875,6
520,ME6102,2.591107326844338,6
521,ME6110,2.1367833598337342,6
522,ME 617,5.337461849324491,6
523,ME 651,2.050715040311585,6
524,ME 661,2.793063560600218,6
525,ME 662,1.1510445674003214,6
526,ME 663,2.536178966621525,6
527,ME 669,4.553929435398268,6
528,ME 673,3.173100158639273,6
529,ME 681,1.826696251017374,6
530,ME 694,7.054447777273936,6
531,ME 704,4.563994325349419,7
532,ME 710,2.7699224708421206,7
533,ME 735,6.2395861693108765,7
534,ME 760,1.5981331761751036,7
535,ME 773,3.261352370610717,7
536,ME 781,3.273691037851961,7
537,ME 782,2.422286224151122,7
538,ME 785,2.784606884017815,7
539,ME 786,3.4357600508428834,7
540,ME 787,2.2733625356900555,7
541,ME 788,4.080485823951591,7
542,ME 791,3.116942513963841,7
543,MES801,6.299715222430691,8
544,IWE708,1.7902196791076488,7
545,IWE709,2.236509848894966,7
546,IWE716,2.324313784259936,7
547,MG 401,2.784545355510702,4
548,MG 403,3.040131463097709,4
549,MGT801,3.603310839877425,8
550,MNG802,1.8433190243275397,8
551,MNG803,1.8653919841485145,8
552,SOM601,3.701316609351548,6
553,SOM602,2.6225130183443555,6
554,SOM603,2.9996325692939436,6
555,SOM604,1.7365962721288748,6
556,SOM605,1.285325285967351,6
557,SOM606,1.6364549787388007,6
558,SOM607,1.3478156897160178,6
559,SOM608,2.953051232093561,6
560,SOM609,4.220045226451645,6
561,SOM610,2.212613347811616,6
562,SOM611,1.8728275911606171,6
563,SOM626,4.243423045784224,6
564,SOM633,3.6004589231406405,6
565,SOM637,4.381399240637179,6
567,SOM650,2.606758232752401,6
568,SOM651,1.289966592143606,6
569,SOM653,1.7943545902699956,6
570,SOM654,2.008209110673859,6
571,SOM655,1.8109262328955553,6
572,SOM661,2.681573158156684,6
573,SOM663,4.45105432960115,6
574,SOM677,4.118572967175202,6
575,SOM689,1.6872503794535265,6
576,SOM690,3.837268644601044,6
577,SOM697,3.529817780012146,6
578,SOM703,3.0733057910597066,7
579,SOM704,2.8540334664289575,7
580,SOM705,4.953342422738487,7
581,IWE705,1.449309363038689,7
582,MGS802,2.905624481582306,8
583,SOM646,3.932511253656487,6
584,MM 201,0.7013745754136861,2
586,MM 217,2.4176001029655887,2
587,MM 305,2.2420732333855318,3
588,MM 396,4.32890370255045,3
589,MM 409,1.4372102634605537,4
590,MM 433,6.14282271702257,4
591,MM 435,5.066285507848361,4
592,MM 447,3.262453083948389,4
593,MM 452,2.556002799439099,4
594,MM 453,4.029689947317477,4
595,MM 474,3.5571172981636496,4
596,MM 492,3.2530495687373326,4
597,MM 621,5.839205459509911,6
598,MM 641,5.569313587773262,6
599,MM 651,3.938519455408951,6
600,MM 654,2.152585261140739,6
601,MM 659,4.650263865355291,6
602,MM 680,6.759941572654427,6
603,MM 681,4.135834333281064,6
604,MM 695,2.4468712215079824,6
605,MM 713,2.318686365151078,7
606,MM 717,3.580824861177812,7
607,MM 719,5.942701058737195,7
608,MM 724,3.9890973121938793,7
609,MM 729,2.772099822748905,7
610,MM 730,2.6054131774779306,7
611,MM 731,7.431437472138925,7
612,MM 732,5.363488378661006,7
613,MM 733,5.882810189956282,7
614,MM 734,4.294859256810331,7
615,MM 735,5.528192797755326,7
616,MM 737,3.9423128616075758,7
617,MM 738,3.406702254092515,7
618,MM 748,2.5364054798922875,7
619,MMS801,7.172122969586378,8
620,MM 220,4.799600481257649,2
621,PH 207,4.266453939989735,2
622,PH 215,3.0859444690616096,2
623,PH 217,2.6220136681130404,2
624,PH 219,2.7938975854113335,2
625,PH 251,1.3522964926849845,2
626,PH 253,1.873352797714295,2
627,PH 303,5.244795186755259,3
628,PH 401,2.9934188378944455,4
629,PH 403,2.555867000908409,4
630,PH 405,4.679443859749256,4
631,PH 407,2.320619723198706,4
632,PH 421,3.320966547369454,4
633,PH 423,2.925521590266913,4
634,PH 434,4.238066879869534,4
635,PH 435,6.563110746456673,4
636,PH 443,5.940857296626732,4
637,PH 505,1.734352060907046,5
638,PH 515,3.3887208773438036,5
639,PH 517,2.004915178465232,5
640,PH 523,0.8366881665293887,5
641,PH 543,2.351663055950167,5
642,PH 549,1.9093793520635842,5
643,PH 557,2.6495447066268727,5
644,PH 561,1.0250616534222616,5
645,PH 563,2.5720754913438766,5
646,PH 565,3.415899637402044,5
647,PH 567,2.7716604036340806,5
648,PH 569,3.0502781190005934,5
649,PH 587,4.728990329030397,5
650,PH 595,7.67485452112435,5
651,PHS801,4.864135524363626,8
652,PH 202,2.104838328582784,2
653,PS 601,3.545705820115162,6
654,PS 605,5.883102045083282,6
655,PS 609,3.38268717787125,6
657,PS 621,3.8387195658836806,6
658,PSS803,2.998032338372458,8
659,PS 627,1.703353245103525,6
660,PSS802,2.347008010400149,8
661,SC 301,2.2298283364280533,3
662,SC 617,2.8462494815816353,6
663,SC 625,3.5161649820278944,6
664,SC 629,1.3168043385794097,6
665,SC 631,1.844007593789132,6
666,SC 639,3.2639883195263075,6
667,SC 694,3.1086535651398464,6
669,SC 645,2.817345385443893,6
683,USS801,1.6749696705370378,8
685,AE 234,1.3384777156753096,2
686,AE 236,0.727439023198044,2
687,AE 314,7.30326924466601,3
688,AE 316,3.2848477679652612,3
689,AE 429,4.569236246434182,4
690,AE 607,4.8516881439268165,6
691,AE 611,5.387085560011674,6
692,AE 622,2.6702152990890045,6
693,AE 699,4.569051515861238,6
694,AE 727,3.5530806669780053,7
695,AE 238,4.173517515000519,2
696,AE 240,2.0241897989551703,2
697,AE 242,1.623030960202521,2
698,AE 332,1.7465898711660757,3
699,AE 427,3.440829778123292,4
701,AE 648,1.1017854867271757,6
702,AE 649,2.2118034310144377,6
703,AE 665,2.186891070109744,6
704,AE 667,2.286599750527035,6
705,AE 678,2.0078912070267303,6
706,AE 706,3.1044385384815856,7
707,AE 713,0.605642502047978,7
708,AE 714,4.521590421856819,7
709,AE 717,2.818423418637749,7
710,AE 738,1.8692389884555989,7
711,AE 755,3.831491668186866,7
712,BB 101,4.477091027197492,1
714,BB 519,8.29696962994533,5
715,BB 653,5.449224763466854,6
716,BB 602,6.457038805768079,6
717,BB 610,8.52679893079459,6
718,BB 611,2.6054223464994655,6
719,BB 612,2.980497456393592,6
720,BB 616,3.916935665839398,6
722,BB 621,2.360785840524856,6
723,BB 623,3.6583461195142135,6
724,BB 624,3.1069169394253646,6
725,BB 640,4.025669668341598,6
726,BB 642,3.072845757268584,6
727,BB 655,3.073734222001681,6
728,BB 658,1.3324194675060954,6
729,BB 662,2.7818118572413897,6
730,BB 702,8.974288007203505,7
731,BBS802,4.859118062815371,8
732,CE 102,2.5750487537170597,1
733,CE 232,2.945678940056167,2
734,CE 607,1.3639113555897444,6
735,CE 694,4.5046004021781245,6
736,CE 695,1.6711276339319123,6
737,CE 706,1.5862499866101556,7
738,CE 718,4.512738005611263,7
739,CE 725,3.6538494971303423,7
742,CE 230,6.305199287185442,2
743,CE 433,1.7617909727682886,4
744,CE 444,0.9946503820887271,4
745,CE 448,2.6732425012247636,4
746,CE 465,2.914437924500398,4
747,CE 495,4.990265024256499,4
748,CE 608,2.2007913961970282,6
749,CE 610,2.7165516856546756,6
750,CE 620,3.9488004278571744,6
751,CE 629,1.6366648762111085,6
752,CE 645,1.33761677652512,6
753,CE 651,4.954821379611343,6
754,CE 652,1.5829741605208276,6
755,CE 654,4.634238743593352,6
757,CE 658,4.015357252916124,6
758,CE 659,1.111959124636409,6
759,CE 676,2.067407324162684,6
760,CE 677,1.4242605917953373,6
761,CE 684,1.799230071956672,6
762,CE 687,2.7584694578112425,6
763,CE 699,3.42780508073477,6
764,CE 707,2.906830761123885,7
765,CE 708,1.1943601387630685,7
766,CE 719,3.3608731956229794,7
767,CE 722,5.416728022711856,7
768,CE 723,3.865267466953605,7
769,CE 743,1.313217578183059,7
770,CE 749,1.8550198997026595,7
771,CE 773,2.742595272469803,7
772,CE 780,3.1638161700834577,7
774,CH 220,1.9536245831931633,2
775,CH 224,2.8059273094723682,2
776,CH 408,4.721942278538174,4
777,CH 438,5.3522867849294675,4
778,CH 442,3.0702261349389866,4
779,CH 504,6.376505475244189,5
780,CH 560,1.6094970405053275,5
781,CH 578,5.726373087227327,5
783,CH 592,3.1189222072949216,5
784,CH 594,8.493051831227868,5
785,CH 596,1.777955972209254,5
786,CH 824,3.8889877349874333,8
787,CH 864,3.219269853232295,8
788,CHS802,9.149120158185456,8
789,CL 202,1.414165172632373,2
791,CL 407,1.5436180675017157,4
792,CL 433,3.233779433997999,4
793,CL 451,1.9573050376230239,4
794,CL 607,3.033538003894118,6
795,CLS802,7.199775710130633,8
796,CL 254,2.1629849344033043,2
797,CL 306,2.352069436120471,3
798,CL 310,2.0856827357774734,3
799,CL 325,1.6131962299820513,3
800,CL 445,8.040154152717639,4
801,CL 494,3.770505159536701,4
802,CL 603,2.4151569826702834,6
803,CL 604,2.4870328830309227,6
804,CL 613,2.6169037758013696,6
805,CL 678,4.09452794674488,6
806,CL 686,3.6014213154555903,6
807,CL 694,6.181872134058962,6
808,CL 716,0.828104730430161,7
809,CL 722,0.781854517323208,7
810,CM 402,3.2557505151964197,4
811,CS 310,2.570243198953733,3
812,CS 692,3.3952591953212505,6
813,CS 741,2.8794199058626018,7
814,CS 777,4.727530090273703,7
815,CS 252,4.048258643455597,2
816,CS 302,2.9983732157406444,3
817,CS 316,6.799095776401055,3
818,CS 317,3.377260544844279,3
819,CS 387,6.258810729998667,3
820,CS 406,2.9563326437299664,4
821,CS 419,2.824121809292491,4
822,CS 496,7.2152820695205016,4
823,CS 681,2.871163708565141,6
824,CS 684,4.623816030976371,6
825,CS 695,2.860690101636287,6
826,CS 719,0.7803781880475422,7
827,CS 726,3.4291793323569957,7
828,CS 728,4.805611219509904,7
829,CS 736,3.9814129061594774,7
830,CS 748,4.551537370702173,7
831,CS 752,2.823686621775151,7
832,CS 753,3.297086608427705,7
833,CS 763,2.865282659739367,7
834,CS 766,2.634252039398144,7
835,CS 769,3.6991877618465137,7
836,CS 772,3.0207846036101436,7
837,CS 779,4.110832148582327,7
838,DS 303,2.6051523389527333,3
839,EE 114,2.8254670494451375,1
840,EE 214,3.9327609032214386,2
842,EE 324,8.204579599591453,3
843,EE 325,2.0158825998377603,3
844,EE 340,3.5732872901763266,3
845,EE 605,3.059171129454147,6
846,EE 616,4.753809142758617,6
847,EE 678,3.9734684309855415,6
848,EE 692,3.7091687290269353,6
849,EE 735,3.708646608846299,7
850,EE 799,4.58083148607944,7
851,EE 238,3.309255492571771,2
852,EE 240,6.362711375955786,2
853,EE 302,2.574326595010965,3
854,EE 334,1.4632451676362173,3
855,EE 337,3.9767816528797937,3
856,EE 344,4.9419379310507265,3
857,EE 606,1.4971026381136758,6
858,EE 619,4.157380326407604,6
859,EE 620,3.089784089140513,6
860,EE 621,2.8749629049483194,6
861,EE 622,1.6327925870329412,6
862,EE 636,2.7595736761905862,6
863,EE 651,4.301652618711249,6
864,EE 654,4.210234101603027,6
865,EE 672,7.56546529557181,6
867,EE 701,3.1376407391285333,7
868,EE 705,7.892657994043096,7
869,EE 706,4.067143283740498,7
870,EE 708,2.9612275941557953,7
871,EE 709,4.302466255832821,7
872,EE 719,3.418771499869814,7
873,EE 722,2.9830371769908055,7
874,EE 727,2.209109136203089,7
875,EE 728,5.232243932136635,7
876,EE 736,6.391860789860025,7
878,EE 739,4.793796768163391,7
879,EE 764,3.462283928682889,7
880,EE 769,3.6359814656001026,7
881,EE 770,3.075571093147832,7
882,EE 790,3.551147114462333,7
883,EE 791,3.917915568667745,7
884,EE 793,5.116378395253157,7
885,EE 800,4.998935497849207,8
886,EN 417,2.091054372966372,4
887,EN 692,3.999751291282694,6
888,EN 204,2.764166216060033,2
889,EN 212,1.5673145302929532,2
890,EN 214,2.1253731026832945,2
891,EN 216,3.907983176456546,2
892,EN 218,3.331848619628338,2
893,EN 302,1.285136674426133,3
894,EN 304,0.5551943642041307,3
895,EN 308,5.609517294882035,3
896,EN 310,6.02626847012898,3
897,EN 312,1.7167675601129428,3
898,EN 314,2.5715302160949642,3
899,EN 408,3.2691681453815065,4
900,EN 410,2.530911091016613,4
901,EN 412,1.0463411094227664,4
902,EN 414,3.55286521227649,4
903,EN 418,1.3690973466105085,4
904,EN 422,3.402456565868187,4
905,EN 604,1.2934836377977474,6
906,EN 607,3.6321827857872213,6
907,EN 610,3.220468754896353,6
908,EN 612,6.457573279385008,6
909,EN 640,2.745579020521632,6
910,EN 642,2.532301518034374,6
911,EN 657,3.9714762125168286,6
912,EN 661,1.0300660677028133,6
913,ENT602,4.000137414305896,6
914,ENT608,5.516477749304475,6
915,ES 253,4.773444007627463,2
916,ES 351,7.477925682113664,3
917,ES 494,2.05524468216121,4
918,ES 651,6.670686335603158,6
919,ES 204,1.662011095326499,2
920,ES 206,3.724946280487112,2
921,ES 210,3.79792946465415,2
922,ES 212,4.4929984312674,2
923,ES 216,4.693256253050923,2
924,ES 252,6.33092915943801,2
925,ES 306,1.0412471465805282,3
926,ES 308,4.974876186152584,3
927,ES 312,2.645728078630129,3
928,ES 600,4.231969485742564,6
929,ES 616,4.842280577313922,6
930,ES 624,2.638375275068429,6
931,ES 664,3.8902385062183766,6
932,ES 666,2.3286034670619458,6
933,ES 668,3.678471079256146,6
934,ES 672,4.680199484394046,6
935,ES 674,3.213660208222323,6
936,ES 680,5.848890037865106,6
937,ET 604,5.656822473260241,6
938,ET 605,5.107175990853224,6
939,ET 611,4.382866180432976,6
940,ET 614,4.882424976365888,6
941,ET 694,3.5714274868070732,6
942,GNR615,7.005976208672094,6
943,GNR617,7.303195643876914,6
944,GNR631,2.969295064082239,6
945,GNR642,3.653173304630737,6
946,GNR646,2.414001592588286,6
947,GNR402,1.1810155866509273,4
948,GNR408,2.695250075627779,4
949,GNR602,3.5244086868225146,6
950,GNR618,5.158058951726481,6
951,GNR628,2.377853710155672,6
952,GNR629,1.8507354337874304,6
953,GNR630,2.5102014748688455,6
954,GNR633,4.9200175359455285,6
955,GNR640,1.6163192440367795,6
956,GNR644,1.0195745602719755,6
957,GNR647,2.1804310944135565,6
958,GNR651,5.00307817285894,6
959,GNR652,7.300130311161561,6
960,GNR694,6.538456618656556,6
961,GNR697,5.592409094645835,6
963,GP 415,6.4614752025252,4
964,GP 402,4.59364009663562,4
965,GP 408,5.704648816356501,4
966,GP 414,6.093591484966843,4
967,GP 416,5.4352332411144895,4
968,GP 418,2.242745607564966,4
969,GP 420,5.332583096541403,4
970,GP 502,2.6136269174071316,5
971,GP 506,2.8277061098358343,5
972,GP 516,6.336168741048882,5
973,GP 518,2.5373671885886577,5
974,GP 520,4.614419399027201,5
975,GS 413,6.3856811362968715,4
976,GS 433,8.150710620896824,4
977,GS 519,8.607388174269797,5
978,GS 541,7.236408148687786,5
979,GS 318,4.325623978687259,3
980,GS 416,5.771529650021963,4
981,GS 422,5.024722778836037,4
982,GS 430,6.824542899322813,4
983,GS 434,1.442099798967583,4
984,GS 436,4.573866863888225,4
985,GS 438,4.814417135846836,4
986,GS 440,8.966973677453423,4
987,GS 530,2.486252098450154,5
988,GS 534,5.18311776968771,5
989,GS 536,4.975449421699999,5
990,GS 538,6.085629233552227,5
991,GS 540,7.518869119573995,5
992,GS 552,4.772054441779555,5
993,GS 662,2.2996820407819483,6
994,GS 672,1.687221038577319,6
995,GS 676,1.1472787534452102,6
996,GS 687,2.763128008724098,6
997,GS 706,4.350618801234405,7
998,GSS802,4.541997718010656,8
1001,EC 210,3.2684480084862755,2
1002,EC 212,2.6119465412330745,2
1003,EC 214,2.6612223960088697,2
1004,HS 216,4.266265897864331,2
1005,EC 302,3.889673019395968,3
1006,EC 304,2.492042419957906,3
1007,HS 401,1.3260958160631142,4
1008,EC 405,3.119507419494453,4
1009,EC 407,3.3000460217063896,4
1010,EC 411,3.8829678118402806,4
1011,EC 440,2.706918673337644,4
1012,HS 448,1.5123442480966027,4
1013,HS 451,2.4364913520075984,4
1014,HS 497,4.124297309598159,4
1015,HS 502,3.242788191589596,5
1016,HS 504,1.9413644705569557,5
1017,HS 506,2.114023993150474,5
1018,HS 618,2.3853242896314764,6
1019,HS 624,3.3372326084324806,6
1020,HS 629,4.455052263891036,6
1021,HS 634,2.4429133133103575,6
1022,HS 809,2.54463468468282,8
1023,HS 821,1.4232890805331952,8
1024,HS 840,2.6622467493470268,8
1025,HS 845,1.2872454457885365,8
1026,HSS802,5.390609908799637,8
1027,DE 666,3.2348311414806514,6
1028,DE 687,5.506325126015661,6
1029,DE 717,3.674143473829928,7
1030,DE 802,1.6355096700262948,8
1031,DE 804,2.1946942133968115,8
1032,DE 102,7.699546591097018,1
1033,DE 104,7.171174997360288,1
1034,DE 106,6.3440986279862335,1
1035,DE 107,0.7902709140074826,1
1036,DE 108,2.15220416522919,1
1037,DE 122,1.6618563800391846,1
1038,DE 132,5.110563256337706,1
1039,DE 134,2.7979795054570147,1
1040,DE 202,3.1854122878025994,2
1041,DE 204,2.9331778690474346,2
1042,DE 206,3.7369537509073263,2
1043,DE 208,4.809377537979294,2
1044,DE 210,2.562165048227989,2
1045,DE 222,5.677464438384961,2
1046,DE 232,2.9607288955580766,2
1047,DE 304,3.3293772584413697,3
1048,DE 306,2.8912202417038664,3
1049,DE 308,2.944038764697914,3
1051,DE 313,2.4640179967488853,3
1053,DE 322,2.530410835791199,3
1054,DE 332,4.893614953993255,3
1055,DE 602,6.144696492114066,6
1056,DE 604,4.563924536345803,6
1057,DE 606,6.069336333217068,6
1058,DE 608,4.8664602246479856,6
1059,DE 612,5.069603933086259,6
1060,DE 614,6.774501570329432,6
1061,DE 616,2.562933470492372,6
1062,DE 618,5.865201709214501,6
1063,DE 620,5.16981715876295,6
1064,DE 622,5.391044731239833,6
1065,DE 624,5.152737211994207,6
1066,DE 628,5.012524241267875,6
1067,DE 630,5.063780432786702,6
1068,DE 634,3.2630926733766583,6
1069,DE 636,2.825181837152349,6
1070,DE 638,2.7790790878164495,6
1071,DE 640,2.4370950563539586,6
1072,DE 642,3.542112276656183,6
1073,DE 644,3.4663673930632717,6
1074,DE 646,2.1846246837568004,6
1075,DE 648,3.07795018793955,6
1076,DE 650,3.9109807559258316,6
1077,DE 652,2.102235692056154,6
1078,DE 654,6.296977386983897,6
1079,DE 656,1.9353834694925562,6
1080,DE 660,3.8981635156795353,6
1081,DE 676,2.9557086914784434,6
1082,DE 680,4.550880696878549,6
1083,DE 683,4.1747840099458235,6
1084,DEP302,6.273069873511901,3
1085,DEP406,2.1749206706500464,4
1086,DEP502,1.8719482621158472,5
1087,DEP504,1.7969640903361985,5
1088,DEP602,5.785333295202674,6
1089,DEP706,2.648352686508404,7
1091,IE 714,4.117998079310141,7
1092,IES601,1.6035374722412918,6
1093,IE 614,2.5017834662372915,6
1094,IE 616,1.7353404331340911,6
1095,IE 622,1.7624421504223269,6
1096,IE 630,4.205881705912064,6
1098,IE 684,6.829654678460041,6
1099,IE 694,3.6198268866117203,6
1100,IE 716,3.032896753089309,7
1101,MA 214,2.862042393362303,2
1102,MA 406,2.991525779550659,4
1103,MA 408,2.5205660000007133,4
1104,MA 410,2.8270987630681392,4
1105,MA 412,2.208384242653772,4
1106,MA 414,1.2446078934414753,4
1108,MA5106,1.2638591744702927,5
1109,MA5108,1.5133292161569292,5
1110,MA5112,4.218246120757199,5
1111,MA 524,1.1547639111449222,5
1112,MA 526,1.942061141012569,5
1115,MA 534,1.6779020514565686,5
1116,MA 540,2.755944251618024,5
1118,MA 812,1.5409948936557853,8
1119,MA 814,2.6691669801575375,8
1120,MA 816,1.8377051466196086,8
1121,MA 820,1.800690574665582,8
1122,MA 823,1.319725414943547,8
1123,MA 824,2.4503102602293367,8
1124,MA 862,2.926127433380526,8
1125,MA 867,1.8463142453686043,8
1127,SI 404,2.7683575969830736,4
1128,SI 416,3.0935746464350435,4
1129,SI 422,2.194310692487575,4
1130,SI 509,1.9370960164470072,5
1131,SI 514,7.0515218542477225,5
1132,SI 526,5.333884372788675,5
1133,SI 527,2.6960914508376748,5
1134,SI 534,3.6185038286391134,5
1135,SI 536,0.7468129786762194,5
1137,ME 307,5.633828265931724,3
1138,ME 374,6.551939626273596,3
1139,ME 460,2.4880098195879894,4
1141,ME 613,2.5631542616117167,6
1142,ME 202,2.7468633698411273,2
1143,ME 206,3.9029101625090186,2
1144,ME 213,8.158967025927366,2
1145,ME 218,6.511923125061222,2
1146,ME 224,6.8525894190503776,2
1147,ME 372,8.911137383706352,3
1148,ME 412,3.7649462600598933,4
1149,ME 472,1.811157044290142,4
1150,ME 604,2.239108630212213,6
1151,ME 616,1.9218988543225988,6
1152,ME 643,5.3457612825823855,6
1153,ME 657,6.730144699160045,6
1154,ME 677,2.020093550607208,6
1155,ME 683,3.6912443277031786,6
1156,ME 684,3.3735423852704227,6
1157,ME 712,3.7769482843224216,7
1158,ME 714,2.7576881361052603,7
1159,ME 748,4.9151142801510845,7
1160,ME 750,1.5173495933794126,7
1161,ME 754,3.9492426997654158,7
1162,ME 759,1.5882631002439713,7
1163,ME 761,2.747321373432437,7
1164,ME 769,3.765975426143921,7
1165,ME 772,1.6660686010840269,7
1166,ME 789,3.5747972929388285,7
1167,ME 793,3.5368093509208465,7
1168,ME 794,2.771293391142953,7
1170,IWE711,1.5700975786621316,7
1171,IWE713,1.5725746692493032,7
1172,IWE714,1.8512807520199046,7
1173,MGS801,2.886857283242328,8
1174,SOM620,2.5109949413433603,6
1175,SOM634,1.8439428664422153,6
1176,SOM642,4.101747375246795,6
1177,SOM698,2.3822293083938857,6
1178,IWE701,6.410149370181947,7
1179,IWE702,2.7218187153155418,7
1180,IWE703,1.9775850303879252,7
1181,IWE706,2.48401354001144,7
1182,MG 402,3.399199204080689,4
1183,MG 405,2.288335489914929,4
1184,MG 406,2.336961266809568,4
1185,MG 802,0.22173170424822283,8
1186,MGT804,3.429092311320068,8
1187,MGT805,3.953438217677521,8
1188,SOM612,2.0607851243723148,6
1189,SOM613,1.6024777437669457,6
1190,SOM614,2.7592118372845085,6
1191,SOM615,2.6472974842999966,6
1192,SOM616,2.8197888962987774,6
1193,SOM617,2.546616956627942,6
1194,SOM618,2.906905306138771,6
1195,SOM619,2.960051996466021,6
1196,SOM621,2.0467541897605743,6
1197,SOM623,6.841652517551778,6
1198,SOM643,2.6753857217351955,6
1199,SOM652,5.1595050705366745,6
1200,SOM664,4.512499035304667,6
1201,SOM665,2.631505633199665,6
1202,SOM679,2.4569317182512473,6
1203,SOM680,3.4482796923544563,6
1204,SOM691,4.298881405706742,6
1205,SOM693,4.86314528213059,6
1206,SOM700,4.771980583764034,7
1207,SOM701,2.3080004339986866,7
1208,SOM711,2.63073141666072,7
1209,SOM712,5.118912742921926,7
1210,SOM716,1.7467643382323477,7
1211,SOM718,2.390560890180819,7
1212,SOM744,2.2171258460791865,7
1214,MM 417,1.5991502744807986,4
1215,MM 439,1.103386385401508,4
1216,MM 454,2.4785252604244237,4
1217,MM 494,2.8301793685386056,4
1218,MM 694,5.433964849262826,6
1219,MMS802,5.793163393481763,8
1220,MM 152,0.8450246475183589,1
1221,MM 203,1.5556293719803416,2
1222,MM 204,3.7747219733158723,2
1223,MM 206,1.4278976879878889,2
1225,MM 320,2.167829408378909,3
1226,MM 322,8.892532563406256,3
1227,MM 323,5.150958024714739,3
1228,MM 357,2.1082471965534126,3
1229,MM 359,2.5279321340107024,3
1230,MM 406,1.4653439809106554,4
1231,MM 408,2.7730318939249163,4
1232,MM 445,2.834301975680152,4
1233,MM 612,4.816261023948043,6
1234,MM 622,4.338795836090113,6
1235,MM 624,3.6484720931784946,6
1236,MM 626,4.9922061699662335,6
1237,MM 638,3.356563565814499,6
1238,MM 650,3.110709111406076,6
1239,MM 652,0.960102724872281,6
1240,MM 656,5.866568692602743,6
1241,MM 674,5.819267485998204,6
1242,MM 677,4.539828495289445,6
1243,MM 684,4.122586151924403,6
1244,MM 691,1.348992257936548,6
1245,MM 700,2.8482051233297137,7
1246,MM 712,2.032134235060719,7
1247,MM 718,4.477461048947583,7
1248,MM 722,5.253187078463599,7
1249,MM 739,5.568905151244585,7
1250,MM 746,2.212383120898362,7
1251,MM 749,2.598722361051917,7
1252,MM 753,2.3845760433250343,7
1253,PH 117,4.555813041835004,1
1254,PH 231,6.9359076481761095,2
1255,PH 233,5.128889787430957,2
1256,PH 447,6.092028684603885,4
1257,PH 527,6.522933687265296,5
1258,PH 588,4.386749351670473,5
1259,PH 204,3.1843342448712937,2
1260,PH 230,5.946458730814061,2
1261,PH 232,7.528920660795476,2
1262,PH 252,0.7299752731369321,2
1263,PH 408,1.6556415166895497,4
1264,PH 410,2.4320577199155062,4
1265,PH 418,2.4015073053593965,4
1266,PH 422,2.72089346447828,4
1267,PH 424,2.5256533804408714,4
1268,PH 436,2.081905250034837,4
1269,PH 438,2.1320000496551796,4
1270,PH 441,7.9594760658180705,4
1271,PH 444,3.9112914901708167,4
1272,PH 446,5.895170316386895,4
1273,PH 500,1.7462484501624587,5
1274,PH 510,3.5949185767656124,5
1275,PH 512,8.591379039263364,5
1276,PH 530,1.7120937037260338,5
1277,PH 534,2.942994395466363,5
1278,PH 540,1.2839665031883531,5
1279,PH 544,2.014695851150744,5
1280,PH 550,2.5594678712810626,5
1282,PH 562,3.406836427893964,5
1283,PH 566,3.3468429009070597,5
1284,PH 572,4.792096441118616,5
1285,PH 580,5.825441726163777,5
1286,PH 596,7.5622006566970486,5
1287,PHS802,5.721814830789794,8
1288,PS 606,5.034729693769093,6
1289,PS 625,3.3867845322098415,6
1290,PS 630,4.201991483967477,6
1291,PSS801,2.8540982294109183,8
1292,PS 602,2.4796030652611853,6
1293,PS 607,3.854639164198941,6
1294,PS 610,2.777685578530314,6
1295,PS 626,6.262518567079326,6
1296,PS 694,2.4122376977070297,6
1297,SC 202,3.2432700603674762,2
1298,SC 602,2.5786765504802274,6
1299,SC 607,3.4900803355210237,6
1300,SC 626,2.9688659144031844,6
1313,AE 103,4.123142941734488,1
1314,AE 229,1.9442835712740756,2
1315,AE 231,5.792883222405155,2
1316,AE 501,0.9335662813847856,5
1317,AE 623,4.582050057299287,6
1318,AE 681,1.2876628020924992,6
1319,AE 725,3.897571602564617,7
1320,BB 402,2.6159989798500782,4
1321,BB 405,3.032733560515656,4
1322,BB 427,3.8304543142738545,4
1323,BB 502,5.299354431651547,5
1324,BB 505,7.656027734566708,5
1325,BB 517,2.5541415507925422,5
1326,BB 521,4.381274822425279,5
1327,BB 523,3.9952408059250453,5
1328,BB 525,4.979728738295415,5
1329,BB 527,7.2997145038819555,5
1330,BB 529,8.681005921882946,5
1331,BB 531,0.9023353551715146,5
1332,BB 535,4.055689372841642,5
1333,BB 539,2.725137959077025,5
1334,BB 601,7.931168624911914,6
1335,BB 607,5.998998211402256,6
1336,BB 617,6.643427187688477,6
1337,BB 638,5.195037772591026,6
1338,BB 647,2.9150661160612827,6
1339,BB 669,1.907172908272098,6
1340,BB 681,2.6942262674613415,6
1341,BB 706,3.8229765776902447,7
1342,CE 103,3.0333333133725264,1
1343,CE 203,2.198795139344352,2
1344,CE 207,3.693333005518428,2
1345,CE 209,2.5430461344537045,2
1346,CE 219,2.693333161535254,2
1347,CE 235,2.540540270420558,2
1348,CE 310,6.132082523088428,3
1349,CE 317,0.7809890768068212,3
1350,CE 323,2.641307853428703,3
1351,CE 325,1.671532246314325,3
1352,CE 328,6.895487256546439,3
1353,CE 401,3.390761323105324,4
1354,CE 407,1.287133771280396,4
1355,CE 410,1.140719477393923,4
1356,CE 462,0.6521195229606389,4
1357,CE 647,1.9921847780760855,6
1358,CE 702,3.9378343313505733,7
1359,CH 111,1.5874587458745875,1
1360,CH 117,7.008822094469746,1
1361,CH 209,3.397031246306148,2
1362,CH 219,9.13358764914076,2
1363,CH 231,6.656708994681776,2
1364,CH 415,7.875321410834264,4
1365,CH 417,8.256864527135008,4
1366,CH 433,7.724088291815698,4
1367,CH 481,3.6610561773896304,4
1368,CH 514,3.362551431884732,5
1369,CH 812,2.4791797834348834,8
1370,CH 817,1.8103860417124022,8
1371,CH 818,6.492335437330929,8
1372,CH 831,8.181537397597006,8
1373,CH 839,5.342760759114892,8
1374,CH 845,4.795007679861916,8
1375,CL 205,2.4971428457691296,2
1376,CL 207,3.530611649395385,2
1377,CL 250,1.356610663941908,2
1378,CL 305,2.784460662459687,3
1379,CL 319,1.9834495255307072,3
1380,CL 324,2.0392143612450844,3
1381,CL 461,7.098396241475669,4
1382,CL 464,1.8776583193736713,4
1383,CL 501,4.272339186572176,5
1384,CL 611,4.047889442990507,6
1385,CL 618,2.6870962156026685,6
1386,CL 671,1.1448729035562393,6
1387,CL 674,0.2826420036254554,6
1388,CL 675,0.9115105887586539,6
1389,CL 688,4.016763086066461,6
1390,CL 710,0.46373809215550593,7
1391,CL 718,4.437107553609001,7
1392,CM 505,2.039234926395805,5
1393,CM 612,1.7316527295056472,6
1394,CM 613,1.585492686115686,6
1395,CS 105,2.9946236513927893,1
1396,CS 152,2.6222628834688178,1
1397,CS 154,2.6377507626774825,1
1398,CS 230,5.061517619519896,2
1399,CS 231,6.27894736427367,2
1400,CS 232,4.438864031291952,2
1401,CS6001,4.454453380840657,6
1402,CS 602,3.416218509037369,6
1403,CS 614,5.8817160344058586,6
1404,CS 663,3.4195569464755757,6
1405,CS 742,3.3960021807039684,7
1406,CS 758,1.1498965120492544,7
1407,CS 768,5.217954678672726,7
1408,CS 774,6.618897537012441,7
1409,CS 781,1.609155969265319,7
1410,CS 782,1.2695890326669632,7
1411,CSS802,2.5026701779259932,8
1412,DH 301,1.9129433467523198,3
1413,DH 302,7.074654900921414,3
1414,DH 307,7.8456159202102125,3
1415,DH 803,3.6538448241397794,8
1416,DHS801,3.663900850035195,8
1417,EC 401,3.417243727873493,4
1418,EC 638,5.924789911642887,6
1419,EC 707,4.493251243524905,7
1420,EE 103,4.197501821722445,1
1421,EE 236,2.7617909775490506,2
1422,EE 341,2.728459210671095,3
1423,EE 457,3.9441803638153496,4
1424,EE 501,0.7397316633661711,5
1425,EE 610,4.011213216131761,6
1426,EE6101,2.892225505794257,6
1427,EE6102,4.775506608838858,6
1428,EE6105,3.0924204076857795,6
1429,EE 638,3.225371448031917,6
1430,EE 658,1.662475149224671,6
1431,EE 673,5.651252457338984,6
1432,EE 746,3.602239758456259,7
1433,EE 782,5.757225402952657,7
1434,EN 110,3.8963868218678552,1
1435,EN 213,2.1163708155903396,2
1436,EN 319,2.691843650006978,3
1437,EN 405,8.88943995850242,4
1438,EN 415,5.0271457529415,4
1439,EN 609,4.261422315476136,6
1440,EN 624,4.045202979793853,6
1441,EN 632,3.7365130385601963,6
1442,EN 637,5.6178415923506195,6
1443,EN 655,6.119827311853527,6
1444,EN 658,3.773915137401425,6
1445,EN 663,3.535320873482938,6
1446,ENT101,6.0779949554449875,1
1447,ENT609,5.896392713200142,6
1448,ES 101,4.228219847545243,1
1449,ES 404,3.0633292074923575,4
1450,ES 407,4.183089844475117,4
1451,ES 451,5.307637934643325,4
1452,ES 601,4.681322008581566,6
1453,ES 691,2.4291621360924256,6
1454,ET 606,6.842773420191075,6
1455,ET 621,2.6367519534708004,6
1456,ET 622,2.4528049994629972,6
1457,GNR405,0.0,4
1458,GNR650,6.477237935218651,6
1459,GNR805,1.2752853483244868,8
1460,GP 517,2.592975392741058,5
1461,GP 525,3.5302616068689088,5
1462,GS 709,6.833152196120409,7
1463,GS 809,3.0760815391707155,8
1464,GS 827,1.602652423655297,8
1465,GS 831,2.2733524344336473,8
1466,GS 832,3.6311649664396968,8
1467,GS 833,3.027931065641139,8
1468,GS 859,2.6791936355529433,8
1469,HS 108,4.481325815229643,1
1470,HS 109,3.5853184863420657,1
1471,HS 113,2.516942130508562,1
1472,HS 207,1.9443980140033372,2
1473,HS 443,2.01194120284343,4
1474,HS 467,1.493852975788192,4
1475,HS 558,1.2564862300414315,5
1476,HS 597,4.104232297415294,5
1477,HS 599,3.932253269248053,5
1478,HS 626,3.7743647252701864,6
1479,HS 635,1.414344869011114,6
1480,HS 642,5.648419964594737,6
1481,HS 647,2.3445695960913273,6
1482,HS 650,1.9589964043812569,6
1483,HS 651,2.0219913552929576,6
1484,HS 652,5.250357382697704,6
1485,HS 653,0.3054138490852252,6
1486,HS 659,2.5875328708837966,6
1487,HS 668,2.553726509909564,6
1488,HS 669,2.028210578015075,6
1489,HS 670,0.9576474412160867,6
1490,HS 671,0.7744144576903593,6
1491,HS 672,1.245747723758646,6
1492,HS 673,0.4573605428224209,6
1493,HS 674,2.4672679988103883,6
1494,HS 711,1.904437230137743,7
1495,HS 712,3.0464780185166895,7
1496,HS 835,1.6374276541730217,8
1497,HS 851,3.45170377898377,8
1498,HS 861,1.64428150660385,8
1499,HS 862,0.0,8
1500,HS 863,3.7262973684149268,8
1501,DE 109,4.786278758651758,1
1502,DE 113,5.68541438598583,1
1503,DE 115,1.0139408029987493,1
1504,DE 117,0.2472813948702349,1
1505,DE 119,1.780460295120791,1
1506,DE 135,3.840417952235744,1
1507,DE 224,3.1698206586350754,2
1508,DE 311,1.5021373585433206,3
1509,DE 319,3.7107728044111945,3
1510,DE 320,0.0,3
1511,DE 626,2.9406655756802706,6
1512,DE 677,6.3867603135536335,6
1513,DE 688,4.260287591047875,6
1514,DE 689,2.0590755601694832,6
1515,DE 692,1.8073740059485452,6
1516,DE 693,4.198918454397156,6
1517,DE 698,0.0,6
1518,DE 708,2.102833142531158,7
1519,DE 710,4.586577340066163,7
1520,DEP405,2.2942785773274923,4
1521,IE 619,2.2618271840714983,6
1522,IE 685,2.6173279842467356,6
1523,IE 708,1.2621916853664656,7
1524,MA 105,1.7232472324723247,1
1525,MA 113,4.262613777017779,1
1526,MA 114,1.603068731683299,1
1527,MA5109,1.5262402753338349,5
1528,MA5114,4.190597841964052,5
1529,MA5115,0.5745256104778297,5
1530,MA 855,1.1368174332910463,8
1531,MA 861,1.2020697195901702,8
1532,SI 424,1.9914291026607789,4
1533,SI 429,1.4645763540898622,4
1534,SI 431,2.7623245033805404,4
1535,SI 537,2.3531400518103314,5
1536,SI 543,0.0,5
1537,ME 103,5.000997731574193,1
1538,ME 223,2.4285714285281412,2
1539,ME 338,2.166552315480296,3
1540,ME 346,2.161675513967237,3
1541,ME 350,1.8022582984863884,3
1542,ME 423,1.8073571996731717,4
1543,ME 438,4.208967726452043,4
1544,ME 441,4.651253413543186,4
1545,ME6116,1.536928174409547,6
1546,ME 621,0.4583403921059336,6
1547,ME 721,5.766653382178671,7
1548,ME 724,2.637727102991308,7
1549,ME 751,0.9258776096831642,7
1550,ME 758,3.221414726410759,7
1551,ME 774,2.552114763023985,7
1552,MS 101,5.26725880002121,1
1553,MGT806,5.741819675339501,8
1554,SOM101,2.7128436531122744,1
1555,SOM622,3.0100649468372467,6
1556,SOM624,1.4622739975976564,6
1557,SOM635,1.703438163468957,6
1558,SOM636,4.931398519157877,6
1559,SOM671,2.5159834702331465,6
1560,SOM709,4.02809622741729,7
1561,SOM710,3.5843602254868934,7
1562,SOM793,0.7786108454505786,7
1563,SOM794,2.3636329458189937,7
1564,MM 202,2.3999479147255425,2
1565,MM 219,1.8083280181214871,2
1566,MM 221,8.743797497213189,2
1567,MM 223,2.9401514873606756,2
1568,MM 225,2.0549450549449273,2
1569,MM 301,1.3390624446979646,3
1570,MM 319,2.4289454157217802,3
1571,MM 451,2.0758721612667714,4
1572,MM 477,0.0,4
1573,MM 611,7.218973770774393,6
1574,MM 699,2.917377301060192,6
1575,MM 723,2.831327099180282,7
1576,MM 747,2.804355377504611,7
1577,MM 751,6.070926506199764,7
1578,PH 109,5.318609049743292,1
1579,PH 221,6.3004835263858405,2
1580,PH 223,2.177937850390915,2
1581,PH 225,2.657015099376276,2
1582,PH 575,5.774247053658122,5
1583,PH 807,4.037902339382227,8
1584,PH 819,5.091070895617333,8
1585,PS 632,3.283930867128968,6
1586,PS 635,6.499676768733362,6
1587,PS 643,5.049628852279357,6
1588,PS 645,3.5170065547826694,6
1589,SC 618,4.5114503793239225,6
1590,SC 649,4.28665824626045,6
1591,SC 650,2.931306932749951,6
1592,SC 653,4.499057032551208,6
1593,AE 233,1.3189020668280549,2
1594,AE 244,2.450687359927796,2
1595,AE 246,8.580241659036457,2
1596,AE 248,2.039996925901645,2
1597,AE 624,1.8987545610885583,6
1598,AE 658,0.8563906701626353,6
1599,AE 700,2.4865444779044097,7
1600,AE 710,0.4718695029882707,7
1601,BB 411,4.008316089629506,4
1602,BB 520,3.831007324636919,5
1603,BB 522,4.187874241993375,5
1604,BB 524,2.0869535529371777,5
1605,BB 526,5.116534491620174,5
1606,BB 528,2.7067996563831294,5
1607,BB 536,2.5625731745996223,5
1608,BB 592,8.663318759156319,5
1609,BB 606,5.1547770298777404,6
1610,BB 615,3.6665775200922317,6
1611,BB 625,4.451484363397124,6
1612,BB 628,6.092302558665268,6
1613,BB 648,6.740831811272918,6
1614,BB 657,3.267672597913177,6
1615,BB 668,6.362696758401435,6
1616,CE 234,0.7176470515929948,2
1617,CE 236,2.3129246623864455,2
1618,CE 238,1.8022598782215913,2
1619,CE 242,9.241610621259246,2
1620,CE 244,1.9999998046683551,2
1621,CE 330,2.675500862559176,3
1622,CE 332,2.384097301070754,3
1623,CE 334,5.886811840476184,3
1624,CE 336,3.3922815597036524,3
1625,CE 338,3.9997435324808883,3
1626,CE 632,3.1648052102226174,6
1627,CE 660,5.1250587148908995,6
1628,CE 757,1.008811878625856,7
1629,CE 761,2.1891309678695126,7
1630,CE 770,2.1191695910025854,7
1631,CE 772,1.641152058989317,7
1632,CE 774,3.0857857296025384,7
1633,CE 778,2.9542770970977803,7
1634,CH 110,2.61161310802287,1
1635,CH 202,2.291620709483974,2
1636,CH 216,1.458771028135038,2
1637,CH 226,9.736416609427705,2
1638,CH 228,7.294548367310002,2
1639,CH 230,5.845875260744532,2
1640,CH 418,7.74970742746504,4
1641,CH 432,8.339545975367889,4
1642,CH 434,6.13085439393695,4
1643,CH 540,3.1608236917679804,5
1644,CH 576,3.5663504262152026,5
1645,CH 604,1.0200524119797567,6
1646,CH 605,1.9509451618106044,6
1647,CH 806,4.524573916137665,8
1648,CH 848,0.3177808190869215,8
1649,CH 849,5.3170926400512215,8
1650,CL 102,3.3827890011930086,1
1651,CL 208,2.727272048223711,2
1652,CL 210,1.3111106984606502,2
1653,CL 232,4.1789251472319595,2
1654,CL 242,3.21379280878062,2
1655,CL 260,1.50832760543935,2
1656,CL 302,2.5524563883883875,3
1657,CL 335,2.560758592956743,3
1658,CL 429,0.5604256362900578,4
1659,CL 452,2.927430511139715,4
1660,CL 610,7.4571551953716195,6
1661,CL 657,4.043541563197977,6
1662,CL 677,1.3808667284779097,6
1663,CL 717,0.690216543920283,7
1664,CL 726,3.50307983939226,7
1665,CM 503,0.8776867580133302,5
1666,CM 504,1.7929725251433157,5
1667,CM 611,0.5415955608858523,6
1668,CM 801,4.671045395334397,8
1669,CS 104,1.4619385584407747,1
1670,CS 208,1.0575916224808477,2
1671,CS 217,2.088082900396017,2
1672,CS 219,2.5833333311853712,2
1673,CS 236,4.263157890241325,2
1674,CS 240,2.256544500991685,2
1675,CS6004,2.114249312097579,6
1676,CS 603,4.30002588056425,6
1677,CS 608,0.38297139523082474,6
1678,CS 613,3.853484706942436,6
1679,CS 735,3.4707437393398535,7
1680,CS 738,0.13852605670894266,7
1681,CS 745,5.317240836709963,7
1682,CS 754,4.452772434810414,7
1683,CS 757,5.441925501535478,7
1684,CS 778,7.009869347240414,7
1685,CS 784,3.221747159317478,7
1686,CS 786,5.464873902153164,7
1687,DH 304,2.07977005561233,3
1688,DH 602,3.544475054221517,6
1689,DH 804,2.3320660191260534,8
1690,DH 805,2.669946009786817,8
1691,EC 631,3.358791462898155,6
1692,EC 633,2.0338132645017475,6
1693,EE 230,3.978960797898026,2
1694,EE 350,4.666120019565469,3
1695,EE 462,3.6584575630279406,4
1696,EE 465,2.592927457673579,4
1697,EE6104,3.4753221560808107,6
1698,EE6106,3.323335138293626,6
1699,EE 615,3.804373427351902,6
1700,EE 656,2.5048684728466797,6
1701,EE 686,1.6997419945309138,6
1702,EE 712,3.958998819315719,7
1703,EE 724,2.63693277301188,7
1704,EE 734,5.091318948909011,7
1705,EE 747,1.1709897765863804,7
1706,EE 755,2.144844488419737,7
1707,EE 761,6.752886234701227,7
1708,EE 767,2.170475637635347,7
1709,EE 774,3.89962686948483,7
1710,EE 779,1.5795289639945596,7
1711,EE 801,2.159368566283585,8
1712,EN 220,2.8965077389701115,2
1713,EN 222,3.0520518355557553,2
1714,EN 224,4.184030914505315,2
1715,EN 226,3.571690037284531,2
1716,EN 615,2.3015936700076245,6
1717,EN 630,3.0764794056587093,6
1718,EN 645,0.4694589826778762,6
1719,EN 659,1.5554187446479315,6
1720,ENT605,7.490094910099474,6
1721,ENT610,3.0639055964488136,6
1722,ENT612,6.038823168950197,6
1723,ENT613,2.1411189471626146,6
1724,ES 458,0.4928074372503251,4
1725,ES 642,3.208563050239878,6
1726,ES 654,4.007019025428988,6
1727,ES 658,2.5181868710227397,6
1728,ES 676,4.063798683449014,6
1729,ET 623,8.320232110785799,6
1730,ETS801,3.544589350815169,8
1731,GNR410,0.7508010533777979,4
1732,GNR649,6.514884604585329,6
1733,GP 422,6.466500295989696,4
1734,GS 450,8.14050588010535,4
1735,GS 542,4.127657994590027,5
1736,GS 545,1.814887797065558,5
1737,GS 682,2.8800426235234005,6
1738,GS 707,5.2170939149237245,7
1739,GS 710,6.407467606260736,7
1740,GS 814,2.252403160133394,8
1741,HS 110,2.121361361345269,1
1742,HS 112,3.5149569052194147,1
1743,HS4110,0.5004882641678997,4
1744,HS 431,2.9508537119779223,4
1745,HS 465,3.662708773733457,4
1746,HS 551,2.347165049064537,5
1747,HS 554,1.5663609975105475,5
1748,HS 598,3.3395373658353074,5
1749,HS 621,4.350226317802527,6
1750,HS 643,3.4163724795843144,6
1751,HS 654,2.5315943535953194,6
1752,HS 660,0.0,6
1753,HS 661,3.9579296647217603,6
1754,HS 662,3.0609276152214395,6
1755,HS 666,1.5655323692043566,6
1756,HS 710,1.8361556283218636,7
1757,HS 805,2.28081703320649,8
1758,HS 818,2.9806176476856643,8
1759,HS 828,2.4224009350423263,8
1760,HS 852,3.106533401085393,8
1761,HS 856,3.3936079919109092,8
1762,HS 864,0.6377362148893556,8
1763,DE 110,4.043133592522764,1
1764,DE 112,8.276559484980536,1
1765,DE 114,5.176854355055447,1
1766,DE 116,3.0976205272446102,1
1767,DE 129,1.6657073154167645,1
1768,DE 136,4.945572782944617,1
1769,DE 212,0.9495920495463095,2
1770,DE 214,0.0,2
1771,DE 216,2.8191296131418175,2
1772,DE 250,8.378316906747536,2
1773,DE 312,1.5860811748956392,3
1774,DE 314,2.1307243998747882,3
1775,DE 318,4.486926558815997,3
1776,DE 321,0.762126394154442,3
1777,DE 323,2.021700153678405,3
1778,DE 324,3.008699991964526,3
1779,DE 632,3.1821296207139684,6
1780,DE 686,0.6408165428742257,6
1781,DE 712,4.8350275523848945,7
1782,DE 725,4.393723011900122,7
1783,DEP408,4.6266531236429564,4
1784,DEP410,5.014313443835051,4
1785,IE 504,2.5727815801639644,5
1786,IE 506,1.17770639542469,5
1787,IE 607,2.7674884204013357,6
1788,IE 612,3.6430664008333276,6
1789,IE 620,0.6099985701745642,6
1790,IE 709,2.638606768397295,7
1791,IE 710,3.867220018377178,7
1792,IES802,0.30176533303107933,8
1793,MA 110,1.6664116296863045,1
1794,MA 504,0.5544733840586769,5
1795,MA 510,0.8515013930070994,5
1796,MA5104,0.7636605615036283,5
1797,MA5110,1.3782148665334981,5
1798,MA5116,3.8103945314162635,5
1799,MA 562,1.7558595980684664,5
1800,MA 818,4.208967726452043,8
1801,MA 842,4.190597841964052,8
1802,MA 846,0.0,8
1803,MA 852,0.8437506045560316,8
1804,SI 426,3.3732300650789053,4
1805,SI 539,2.5026701779259932,5
1806,SI 541,2.661773491815557,5
1807,SI 546,0.0,5
1808,ME 104,4.22508417392478,1
1809,ME 226,1.4060325156561237,2
1810,ME 228,3.0792951541464046,2
1811,ME 230,2.837837837783444,2
1812,ME 306,3.1898153758299563,3
1813,ME 310,6.072230174885308,3
1814,ME 312,4.008968609811863,3
1815,ME 316,2.4434373823146007,3
1816,ME 370,7.175888814341277,3
1817,ME 420,0.5138912648303329,4
1818,ME6103,1.767852733149915,6
1819,ME6106,2.0658189478356492,6
1820,ME6114,4.329447946865204,6
1821,ME6118,0.9000823378923104,6
1822,ME 639,3.398031122980454,6
1823,ME 678,2.9201232240399047,6
1824,ME 730,0.8375279684541824,7
1825,ME 762,4.447599262275414,7
1826,ME 768,3.280935103102878,7
1827,ME 779,1.7308563561963108,7
1828,ME 790,1.9548386525141783,7
1829,ME 800,3.1691393906618783,8
1830,ME 802,3.280351884507914,8
1831,IWE710,1.9452652837104023,7
1832,IWE712,1.892968166483779,7
1833,IWE715,1.8767106837654564,7
1834,IWE720,2.260391031088989,7
1835,SOM649,3.528782135821587,6
1836,SOM660,1.0483972394705114,6
1837,SOM686,1.6844899134221598,6
1838,SOM707,2.704842361577259,7
1839,SOM717,2.3763718000234157,7
1840,SOM720,1.9098327370482566,7
1841,SOM722,4.337252733201388,7
1842,SOM723,3.5519490286209763,7
1843,SOM724,1.217310171178803,7
1844,SOM725,5.537566823793426,7
1845,MM 105,1.411764065050368,1
1846,MM 210,2.84999125717682,2
1847,MM 218,3.9913584661725396,2
1848,MM 222,3.534466527257919,2
1849,MM 224,7.034769272563253,2
1850,MM 226,8.637409461207298,2
1851,MM 312,2.9751179481803254,3
1852,MM 318,2.871941595005861,3
1853,MM 426,6.10340961693496,4
1854,MM 448,5.103639304663229,4
1855,MM 462,2.9327557684852783,4
1856,MM6004,3.8322429333725494,6
1857,MM 642,5.385693716505671,6
1858,MM 658,2.0236097310415304,6
1859,MM 685,2.419680149578061,6
1860,MM 750,4.623720047151218,7
1861,MM 754,1.6490000591531033,7
1862,MM 756,3.027931065641139,7
1863,MM 801,3.8103945314162635,8
1864,PH 110,3.406576980568012,1
1865,PH 216,1.8657875148444316,2
1866,PH 222,6.378038389459348,2
1867,PH 307,2.7966485032437394,3
1868,PH 309,1.7442290325178231,3
1869,PH 554,1.472131492474454,5
1870,PH 564,1.9140737177156104,5
1871,PH 570,0.5842713953454609,5
1872,PH 574,1.5651180181927156,5
1873,PH 576,1.932945280498898,5
1874,PH 578,4.1445632731447715,5
1875,PH 601,1.4592123817532656,6
1876,PS 619,4.157340607743298,6
1877,PS 633,3.381424645967561,6
1878,PS 634,2.0070251450635754,6
1879,PS 636,3.1689984307909853,6
1880,PS 637,5.195689637172865,6
1881,PS 640,1.5184248227652337,6
1882,PS 641,2.9605288623168846,6
1883,PS 642,3.045340960034556,6
1884,PS 644,3.8304543142738545,6
1885,PS 701,1.9548774221682284,7
1886,SC 624,2.905682443406123,6
1887,SC 627,3.7800446059676482,6
1888,SC 641,2.754817817012079,6
1889,SC 646,5.286918879132876,6
1890,SC 651,6.335821274281547,6
1891,SC 654,1.1277439597996375,6
1892,SC 702,0.9280204699960637,7
2011,MA 106,1.2374988780852656,1
